,Hugo_name,Uniprot_ID,Uniprot-isoform,Mutations,ClusterID,PDB_id,deposition_date,experimental_method,resolution,chains,coverage,AA_in_PDB,mutations_in_pdb,mutation_positions,complex_protein,complex_protein_details,complex_nucleotide,complex_nucleotide_details,complex_ligand,complex_ligand_details
0,TP53,P04637,1,Y220C,1,5MHC,2016-11-24,X-RAY DIFFRACTION,1.2,B,"[(382, 393)]",['Mutation not in range'],[],[220],['protein complex'],"['1433S_HUMAN, P31947, chain_A;P53_HUMAN, P04637, chain_P']",['NA'],['NA'],['Other ligands'],"[""[MAGNESIUM ION, ['A']]""]"
1,TP53,P04637,1,Y220C,1,3D06,2008-05-01,X-RAY DIFFRACTION,1.2,A,"[(94, 293)]",['Y220Y'],['R249S'],[220],['NA'],['NA'],['NA'],['NA'],['Other ligands'],"[""[ZINC ION, ['A']]""]"
2,TP53,P04637,1,Y220C,1,6SHZ,2019-08-08,X-RAY DIFFRACTION,1.24,A;B,"[(94, 311)];[(94, 311)]",['Y220C'];['Y220C'],"['M133L', 'V203A', 'Y220C', 'N239Y', 'N268D'];['M133L', 'V203A', 'Y220C', 'N239Y', 'N268D']",[220],['NA'],['NA'],['NA'],['NA'],['Other ligands'],"[""[GLYCEROL, ['B']]""]"
3,TP53,P04637,1,Y220C,1,6GGC,2018-05-03,X-RAY DIFFRACTION,1.24,A;B,"[(94, 312)];[(94, 312)]",['Y220C'];['Y220C'],"['M133L', 'V203A', 'Y220C', 'N239Y', 'N268D'];['M133L', 'V203A', 'Y220C', 'N239Y', 'N268D']",[220],['NA'],['NA'],['NA'],['NA'],['Other ligands'],"[""[GLYCEROL, ['B']]""]"
4,TP53,P04637,1,Y220C,1,4MZI,2013-09-30,X-RAY DIFFRACTION,1.25,A,Mismatch in alignment,Mutations not covered,,[220],['NA'],['NA'],['NA'],['NA'],['Other ligands'],"[""[ZINC ION, ['A']]""]"
5,TP53,P04637,1,Y220C,1,6GGE,2018-05-03,X-RAY DIFFRACTION,1.25000506704,A;B,"[(94, 312)];[(94, 312)]",['Y220C'];['Y220C'],"['M133L', 'V203A', 'Y220C', 'N239Y', 'N268D'];['M133L', 'V203A', 'Y220C', 'N239Y', 'N268D']",[220],['NA'],['NA'],['NA'],['NA'],['Other ligands'],"[""[[9-ethyl-7-(5-methylthiophen-2-yl)carbazol-3-yl]methyl-methyl-azanium, ['A', 'B']]""]"
6,TP53,P04637,1,Y220C,1,6RL3,2019-05-01,X-RAY DIFFRACTION,1.3,B,"[(382, 393)]",['Mutation not in range'],[],[220],['protein complex'],"['1433S_HUMAN, P31947, chain_A;P53_HUMAN, P04637, chain_P']",['NA'],['NA'],['Other ligands'],"[""[5-azanyl-4-phenyl-thiophene-2-carboximidamide, ['A']]""]"
7,TP53,P04637,1,Y220C,1,5O1E,2017-05-18,X-RAY DIFFRACTION,1.3,A;B,"[(94, 312)];[(94, 312)]",['Y220C'];['Y220C'],"['M133L', 'V203A', 'Y220C', 'N239Y', 'N268D'];['M133L', 'V203A', 'Y220C', 'N239Y', 'N268D']",[220],['NA'],['NA'],['NA'],['NA'],['Other ligands'],"[""[GLYCEROL, ['B']]""]"
8,TP53,P04637,1,Y220C,1,6GGB,2018-05-03,X-RAY DIFFRACTION,1.32,A;B,"[(94, 312)];[(94, 312)]",['Y220C'];['Y220C'],"['M133L', 'V203A', 'Y220C', 'N239Y', 'N268D'];['M133L', 'V203A', 'Y220C', 'N239Y', 'N268D']",[220],['NA'],['NA'],['NA'],['NA'],['Other ligands'],"[""[4-(2-HYDROXYETHYL)-1-PIPERAZINE ETHANESULFONIC ACID, ['B']]""]"
9,TP53,P04637,1,Y220C,1,5O1C,2017-05-18,X-RAY DIFFRACTION,1.32,A;B,"[(94, 312)];[(94, 312)]",['Y220C'];['Y220C'],"['M133L', 'V203A', 'Y220C', 'N239Y', 'N268D'];['M133L', 'V203A', 'Y220C', 'N239Y', 'N268D']",[220],['NA'],['NA'],['NA'],['NA'],['Other ligands'],"[""[5-(4-fluorophenyl)-3-iodanyl-2-oxidanyl-4-pyrrol-1-yl-benzoic acid, ['A', 'B']]""]"
10,TP53,P04637,1,Y220C,1,5O1H,2017-05-18,X-RAY DIFFRACTION,1.32,A;B,"[(94, 312)];[(94, 312)]",['Y220C'];['Y220C'],"['M133L', 'V203A', 'Y220C', 'N239Y', 'N268D'];['M133L', 'V203A', 'Y220C', 'N239Y', 'N268D']",[220],['NA'],['NA'],['NA'],['NA'],['Other ligands'],"[""[GLYCEROL, ['B']]""]"
11,TP53,P04637,1,Y220C,1,6GGF,2018-05-03,X-RAY DIFFRACTION,1.32000022323,A;B,"[(94, 312)];[(94, 312)]",['Y220C'];['Y220C'],"['M133L', 'V203A', 'Y220C', 'N239Y', 'N268D'];['M133L', 'V203A', 'Y220C', 'N239Y', 'N268D']",[220],['NA'],['NA'],['NA'],['NA'],['Other ligands'],"[""[GLYCEROL, ['B']]""]"
12,TP53,P04637,1,Y220C,1,5O1G,2017-05-18,X-RAY DIFFRACTION,1.35,A;B,"[(94, 312)];[(94, 312)]",['Y220C'];['Y220C'],"['M133L', 'V203A', 'Y220C', 'N239Y', 'N268D'];['M133L', 'V203A', 'Y220C', 'N239Y', 'N268D']",[220],['NA'],['NA'],['NA'],['NA'],['Other ligands'],"[""[GLYCEROL, ['B']]""]"
13,TP53,P04637,1,Y220C,1,5G4N,2016-05-13,X-RAY DIFFRACTION,1.35,A;B,"[(94, 312)];[(94, 312)]",['Y220C'];['Y220C'],"['M133L', 'V203A', 'Y220C', 'N239Y', 'N268D'];['M133L', 'V203A', 'Y220C', 'N239Y', 'N268D']",[220],['NA'],['NA'],['NA'],['NA'],['Other ligands'],"[""[GLYCEROL, ['B']]""]"
14,TP53,P04637,1,Y220C,1,5AOK,2015-09-10,X-RAY DIFFRACTION,1.35,A;B,"[(94, 312)];[(94, 312)]",['Y220C'];['Y220C'],"['M133L', 'V203A', 'Y220C', 'N239Y', 'N268D'];['M133L', 'V203A', 'Y220C', 'N239Y', 'N268D']",[220],['NA'],['NA'],['NA'],['NA'],['Other ligands'],"[""[DI(HYDROXYETHYL)ETHER, ['B']]""]"
15,TP53,P04637,1,Y220C,1,3ZME,2013-02-07,X-RAY DIFFRACTION,1.35,A;B,"[(94, 312)];[(94, 312)]",['Y220C'];['Y220C'],"['M133L', 'V203A', 'Y220C', 'N239Y', 'N268D'];['M133L', 'V203A', 'Y220C', 'N239Y', 'N268D']",[220],['NA'],['NA'],['NA'],['NA'],['Other ligands'],"[""[2-(4-(4-fluorophenyl)-5-(1H-pyrrol-1-yl)-1H-pyrazol-1-yl)-N,N-dimethylethanamine, ['A', 'B']]""]"
16,TP53,P04637,1,Y220C,1,5O1D,2017-05-18,X-RAY DIFFRACTION,1.36,A;B,"[(94, 312)];[(94, 312)]",['Y220C'];['Y220C'],"['M133L', 'V203A', 'Y220C', 'N239Y', 'N268D'];['M133L', 'V203A', 'Y220C', 'N239Y', 'N268D']",[220],['NA'],['NA'],['NA'],['NA'],['Other ligands'],"[""[GLYCEROL, ['B']]""]"
17,TP53,P04637,1,Y220C,1,5AB9,2015-08-04,X-RAY DIFFRACTION,1.36,A;B,"[(94, 312)];[(94, 312)]",['Y220C'];['Y220C'],"['M133L', 'V203A', 'Y220C', 'N239Y', 'N268D'];['M133L', 'V203A', 'Y220C', 'N239Y', 'N268D']",[220],['NA'],['NA'],['NA'],['NA'],['Other ligands'],"[""[7-ethyl-3-(piperidin-4-yl)-1H-indole, ['A', 'B']]""]"
18,TP53,P04637,1,Y220C,1,5O1F,2017-05-18,X-RAY DIFFRACTION,1.38,A;B,"[(94, 312)];[(94, 312)]",['Y220C'];['Y220C'],"['M133L', 'V203A', 'Y220C', 'N239Y', 'N268D'];['M133L', 'V203A', 'Y220C', 'N239Y', 'N268D']",[220],['NA'],['NA'],['NA'],['NA'],['Other ligands'],"[""[5-butoxy-3-iodanyl-2-oxidanyl-4-pyrrol-1-yl-benzoic acid, ['A', 'B']]""]"
19,TP53,P04637,1,Y220C,1,5G4M,2016-05-13,X-RAY DIFFRACTION,1.38,A;B,"[(94, 312)];[(94, 312)]",['Y220C'];['Y220C'],"['M133L', 'V203A', 'Y220C', 'N239Y', 'N268D'];['M133L', 'V203A', 'Y220C', 'N239Y', 'N268D']",[220],['NA'],['NA'],['NA'],['NA'],['Other ligands'],"[""[1,2-ETHANEDIOL, ['B']]""]"
20,TP53,P04637,1,Y220C,1,6SI3,2019-08-08,X-RAY DIFFRACTION,1.4,A;B,"[(94, 312)];[(94, 312)]",['Y220S'];['Y220S'],"['M133L', 'V203A', 'Y220S', 'N239Y', 'N268D'];['M133L', 'V203A', 'Y220S', 'N239Y', 'N268D']",[220],['NA'],['NA'],['NA'],['NA'],['Other ligands'],"[""[GLYCEROL, ['B']]""]"
21,TP53,P04637,1,Y220C,1,5O1I,2017-05-18,X-RAY DIFFRACTION,1.4,A;B,"[(94, 312)];[(94, 312)]",['Y220C'];['Y220C'],"['M133L', 'V203A', 'Y220C', 'N239Y', 'N268D'];['M133L', 'V203A', 'Y220C', 'N239Y', 'N268D']",[220],['NA'],['NA'],['NA'],['NA'],['Other ligands'],"[""[GLYCEROL, ['B']]""]"
22,TP53,P04637,1,Y220C,1,5A7B,2015-07-03,X-RAY DIFFRACTION,1.4,A;B,"[(94, 312)];[(94, 312)]",['Y220C'];['Y220C'],"['M133L', 'V203A', 'Y220C', 'N239Y', 'N268D'];['M133L', 'V203A', 'Y220C', 'N239Y', 'N268D']",[220],['NA'],['NA'],['NA'],['NA'],['Other ligands'],"[""[2-[[4-(diethylamino)piperidin-1-yl]methyl]-6-ethynyl-4-(3-phenoxyprop-1-ynyl)phenol, ['A', 'B']]""]"
23,TP53,P04637,1,Y220C,1,3D08,2008-05-01,X-RAY DIFFRACTION,1.4,A,"[(94, 293)]",['Y220Y'],"['H168R', 'R249S']",[220],['NA'],['NA'],['NA'],['NA'],['Other ligands'],"[""[ZINC ION, ['A']]""]"
24,TP53,P04637,1,Y220C,1,1YC5,2004-12-21,X-RAY DIFFRACTION,1.4,B,"[(372, 389)]",['Mutation not in range'],[],[220],['protein complex'],"['NPD_THEMA, Q9WYW0, chain_A;P53_HUMAN, P04637, chain_B']",['NA'],['NA'],['Other ligands'],"[""[NICOTINAMIDE, ['A']]""]"
25,TP53,P04637,1,Y220C,1,6GGD,2018-05-03,X-RAY DIFFRACTION,1.4000088608,A;B,"[(94, 312)];[(94, 312)]",['Y220C'];['Y220C'],"['M133L', 'V203A', 'Y220C', 'N239Y', 'N268D'];['M133L', 'V203A', 'Y220C', 'N239Y', 'N268D']",[220],['NA'],['NA'],['NA'],['NA'],['Other ligands'],"[""[GLYCEROL, ['B']]""]"
26,TP53,P04637,1,Y220C,1,5LAP,2016-06-14,X-RAY DIFFRACTION,1.42,A;B,"[(94, 312)];[(94, 312)]",['Y220C'];['Y220C'],"['M133L', 'V203A', 'Y220C', 'N239Y', 'N268D'];['M133L', 'V203A', 'Y220C', 'N239Y', 'N268D']",[220],['NA'],['NA'],['NA'],['NA'],['Other ligands'],"[""[5-chloranylpyrimidine-4-carboxylic acid, ['A', 'B']]""]"
27,TP53,P04637,1,Y220C,1,4AGQ,2012-01-30,X-RAY DIFFRACTION,1.42,A;B,"[(94, 312)];[(94, 312)]",['Y220C'];['Y220C'],"['M133L', 'V203A', 'Y220C', 'N239Y', 'N268D'];['M133L', 'V203A', 'Y220C', 'N239Y', 'N268D']",[220],['NA'],['NA'],['NA'],['NA'],['Other ligands'],"[""[ZINC ION, ['A', 'B']]""]"
28,TP53,P04637,1,Y220C,1,5O1B,2017-05-18,X-RAY DIFFRACTION,1.43,A;B,"[(94, 312)];[(94, 312)]",['Y220C'];['Y220C'],"['M133L', 'V203A', 'Y220C', 'N239Y', 'N268D'];['M133L', 'V203A', 'Y220C', 'N239Y', 'N268D']",[220],['NA'],['NA'],['NA'],['NA'],['Other ligands'],"[""[GLYCEROL, ['A', 'B']]""]"
29,TP53,P04637,1,Y220C,1,6SI1,2019-08-08,X-RAY DIFFRACTION,1.44,A;B,"[(94, 312)];[(94, 312)]",['Y220H'];['Y220H'],"['M133L', 'V203A', 'Y220H', 'N239Y', 'N268D'];['M133L', 'V203A', 'Y220H', 'N239Y', 'N268D']",[220],['NA'],['NA'],['NA'],['NA'],['Other ligands'],"[""[4-(2-HYDROXYETHYL)-1-PIPERAZINE ETHANESULFONIC ACID, ['A']]""]"
30,TP53,P04637,1,Y220C,1,5O1A,2017-05-18,X-RAY DIFFRACTION,1.44,A;B,"[(94, 312)];[(94, 312)]",['Y220C'];['Y220C'],"['M133L', 'V203A', 'Y220C', 'N239Y', 'N268D'];['M133L', 'V203A', 'Y220C', 'N239Y', 'N268D']",[220],['NA'],['NA'],['NA'],['NA'],['Other ligands'],"[""[GLYCEROL, ['B']]""]"
31,TP53,P04637,1,Y220C,1,5MCT,2016-11-10,X-RAY DIFFRACTION,1.446,A;B,"[(94, 293)];[(94, 293)]",['Y220Y'];['Y220Y'],[];[],[220],['NA'],['NA'],['NA'],['NA'],['Other ligands'],"[""[FORMYL GROUP, ['A', 'B']]""]"
32,TP53,P04637,1,Y220C,1,5MG7,2016-11-21,X-RAY DIFFRACTION,1.45,A;B,"[(94, 293)];[(94, 293)]",['Y220Y'];['Y220Y'],[];[],[220],['NA'],['NA'],['NA'],['NA'],['Other ligands'],"[""[ZINC ION, ['A', 'B']]""]"
33,TP53,P04637,1,Y220C,1,4IBY,2012-12-09,X-RAY DIFFRACTION,1.45,A;B,"[(94, 293)];[(94, 293)]",['Y220Y'];['Y220Y'],"['S240R', 'R273H'];['S240R', 'R273H']",[220],['NA'],['NA'],['NA'],['NA'],['Other ligands'],"[""[1,2-ETHANEDIOL, ['A', 'B']]""]"
34,TP53,P04637,1,Y220C,1,4AGO,2012-01-30,X-RAY DIFFRACTION,1.45,A;B,"[(94, 312)];[(94, 312)]",['Y220C'];['Y220C'],"['M133L', 'V203A', 'Y220C', 'N239Y', 'N268D'];['M133L', 'V203A', 'Y220C', 'N239Y', 'N268D']",[220],['NA'],['NA'],['NA'],['NA'],['Other ligands'],"[""[ZINC ION, ['A', 'B']]""]"
35,TP53,P04637,1,Y220C,1,6RWU,2019-06-06,X-RAY DIFFRACTION,1.46,B,"[(382, 393)]",['Mutation not in range'],[],[220],['protein complex'],"['1433S_HUMAN, P31947, chain_A;P53_HUMAN, P04637, chain_P']",['NA'],['NA'],['Other ligands'],"[""[~{N}-[3-(5-carbamimidoylthiophen-3-yl)phenyl]propanamide, ['A']]""]"
36,TP53,P04637,1,Y220C,1,5AOJ,2015-09-10,X-RAY DIFFRACTION,1.47,A;B,"[(94, 312)];[(94, 312)]",['Y220C'];['Y220C'],"['M133L', 'V203A', 'Y220C', 'N239Y', 'N268D'];['M133L', 'V203A', 'Y220C', 'N239Y', 'N268D']",[220],['NA'],['NA'],['NA'],['NA'],['Other ligands'],"[""[DI(HYDROXYETHYL)ETHER, ['B']]""]"
37,TP53,P04637,1,Y220C,1,5G4O,2016-05-13,X-RAY DIFFRACTION,1.48,A;B,"[(94, 312)];[(94, 312)]",['Y220C'];['Y220C'],"['M133L', 'V203A', 'Y220C', 'N239Y', 'N268D'];['M133L', 'V203A', 'Y220C', 'N239Y', 'N268D']",[220],['NA'],['NA'],['NA'],['NA'],['Other ligands'],"[""[N,N-dimethyl-1-[9-(2,2,2-trifluoroethyl)-9H-carbazol-3-yl]methanamine, ['A', 'B']]""]"
38,TP53,P04637,1,Y220C,1,6SI2,2019-08-08,X-RAY DIFFRACTION,1.5,A;B,"[(94, 312)];[(94, 312)]",['Y220S'];['Y220S'],"['M133L', 'V203A', 'Y220S', 'N239Y', 'N268D'];['M133L', 'V203A', 'Y220S', 'N239Y', 'N268D']",[220],['NA'],['NA'],['NA'],['NA'],['Other ligands'],"[""[GLYCEROL, ['B']]""]"
39,TP53,P04637,1,Y220C,1,5AOL,2015-09-10,X-RAY DIFFRACTION,1.5,A;B,"[(94, 312)];[(94, 312)]",['Y220C'];['Y220C'],"['M133L', 'V203A', 'Y220C', 'N239Y', 'N268D'];['M133L', 'V203A', 'Y220C', 'N239Y', 'N268D']",[220],['NA'],['NA'],['NA'],['NA'],['Other ligands'],"[""[ZINC ION, ['A', 'B']]""]"
40,TP53,P04637,1,Y220C,1,4KVP,2013-05-22,X-RAY DIFFRACTION,1.5,A;B;C;D,"[(93, 312)];[(93, 312)];[(93, 312)];[(93, 312)]",['Y220Y'];['Y220Y'];['Y220Y'];['Y220Y'],"['L93A', 'V157F'];['L93A', 'V157F'];['L93A', 'V157F'];['L93A', 'V157F']",[220],['NA'],['NA'],['NA'],['NA'],['Other ligands'],"[""[ZINC ION, ['A', 'B', 'C', 'D']]""]"
41,TP53,P04637,1,Y220C,1,4AGP,2012-01-30,X-RAY DIFFRACTION,1.5,A;B,"[(94, 312)];[(94, 312)]",['Y220C'];['Y220C'],"['M133L', 'V203A', 'Y220C', 'N239Y', 'N268D'];['M133L', 'V203A', 'Y220C', 'N239Y', 'N268D']",[220],['NA'],['NA'],['NA'],['NA'],['Other ligands'],"[""[ZINC ION, ['A', 'B']]""]"
42,TP53,P04637,1,Y220C,1,2VUK,2008-05-26,X-RAY DIFFRACTION,1.5,A;B,"[(94, 312)];[(94, 312)]",['Y220C'];['Y220C'],"['M133L', 'V203A', 'Y220C', 'N239Y', 'N268D'];['M133L', 'V203A', 'Y220C', 'N239Y', 'N268D']",[220],['NA'],['NA'],['NA'],['NA'],['Other ligands'],"[""[1-(9-ethyl-9H-carbazol-3-yl)-N-methylmethanamine, ['B']]""]"
43,TP53,P04637,1,Y220C,1,1AIE,1997-04-17,X-RAY DIFFRACTION,1.5,A,"[(326, 356)]",['Mutation not in range'],[],[220],['NA'],['NA'],['NA'],['NA'],['NA'],['NA']
44,TP53,P04637,1,Y220C,1,4AGM,2012-01-30,X-RAY DIFFRACTION,1.52,A;B,"[(94, 312)];[(94, 312)]",['Y220C'];['Y220C'],"['M133L', 'V203A', 'Y220C', 'N239Y', 'N268D'];['M133L', 'V203A', 'Y220C', 'N239Y', 'N268D']",[220],['NA'],['NA'],['NA'],['NA'],['Other ligands'],"[""[ZINC ION, ['A', 'B']]""]"
45,TP53,P04637,1,Y220C,1,6SI0,2019-08-08,X-RAY DIFFRACTION,1.53,A;B,"[(94, 312)];[(94, 312)]",['Y220C'];['Y220C'],"['M133L', 'V203A', 'Y220C', 'N239Y', 'N268D'];['M133L', 'V203A', 'Y220C', 'N239Y', 'N268D']",[220],['NA'],['NA'],['NA'],['NA'],['Other ligands'],"[""[4-(2-HYDROXYETHYL)-1-PIPERAZINE ETHANESULFONIC ACID, ['B']]""]"
46,TP53,P04637,1,Y220C,1,6RWS,2019-06-06,X-RAY DIFFRACTION,1.53,B,"[(382, 393)]",['Mutation not in range'],[],[220],['protein complex'],"['1433S_HUMAN, P31947, chain_A;P53_HUMAN, P04637, chain_P']",['NA'],['NA'],['Other ligands'],"[""[MAGNESIUM ION, ['A']]""]"
47,TP53,P04637,1,Y220C,1,2PCX,2007-03-30,X-RAY DIFFRACTION,1.54,A,"[(88, 307)]",['Y220Y'],"['A88H', 'P89H', 'S90H', 'W91H', 'P92H', 'L93H', 'R282Q', 'G293S', 'E294S', 'P295V', 'H296V', 'H297N', 'E298S', 'L299S', 'P300C', 'P301M', 'S303G', 'T304M', 'K305C', 'A307R']",[220],['NA'],['NA'],['NA'],['NA'],['Other ligands'],"[""[ZINC ION, ['A']]""]"
48,TP53,P04637,1,Y220C,1,6GGA,2018-05-03,X-RAY DIFFRACTION,1.55000123008,A;B,"[(94, 312)];[(94, 312)]",['Y220C'];['Y220C'],"['M133L', 'V203A', 'Y220C', 'N239Y', 'N268D'];['M133L', 'V203A', 'Y220C', 'N239Y', 'N268D']",[220],['NA'],['NA'],['NA'],['NA'],['Other ligands'],"[""[ZINC ION, ['A', 'B']]""]"
49,TP53,P04637,1,Y220C,1,6RJZ,2019-04-29,X-RAY DIFFRACTION,1.58,B,"[(382, 393)]",['Mutation not in range'],[],[220],['protein complex'],"['1433S_HUMAN, P31947, chain_A;P53_HUMAN, P04637, chain_P']",['NA'],['NA'],['Other ligands'],"[""[7-(6-azanylpyridin-2-yl)-1-benzothiophene-2-carboximidamide, ['A']]""]"
50,TP53,P04637,1,Y220C,1,5MF7,2016-11-17,X-RAY DIFFRACTION,1.59,A;B,"[(94, 293)];[(94, 293)]",['Y220Y'];['Y220Y'],[];[],[220],['NA'],['NA'],['NA'],['NA'],['Other ligands'],"[""[DI(HYDROXYETHYL)ETHER, ['C']]""]"
51,TP53,P04637,1,Y220C,1,6RM7,2019-05-05,X-RAY DIFFRACTION,1.6,B,"[(382, 393)]",['Mutation not in range'],[],[220],['protein complex'],"['1433S_HUMAN, P31947, chain_A;P53_HUMAN, P04637, chain_P']",['NA'],['NA'],['Other ligands'],"[""[5-[3-(2-azanylethyl)imidazol-4-yl]-4-phenyl-thiophene-2-carboximidamide, ['A']]""]"
52,TP53,P04637,1,Y220C,1,6RL4,2019-05-01,X-RAY DIFFRACTION,1.6,B,"[(382, 393)]",['Mutation not in range'],[],[220],['protein complex'],"['1433S_HUMAN, P31947, chain_A;P53_HUMAN, P04637, chain_P']",['NA'],['NA'],['Other ligands'],"[""[5-[1-(2-azanylethyl)imidazol-4-yl]-4-phenyl-thiophene-2-carboximidamide, ['A']]""]"
53,TP53,P04637,1,Y220C,1,6RL6,2019-05-01,X-RAY DIFFRACTION,1.6,B,"[(382, 393)]",['Mutation not in range'],[],[220],['protein complex'],"['1433S_HUMAN, P31947, chain_A;P53_HUMAN, P04637, chain_P']",['NA'],['NA'],['Other ligands'],"[""[~{N}-(2-azanylethyl)-2-carbamimidoyl-7-methoxy-1-benzothiophene-4-carboxamide, ['A']]""]"
54,TP53,P04637,1,Y220C,1,5MCV,2016-11-10,X-RAY DIFFRACTION,1.6,A;B,"[(94, 293)];[(94, 293)]",['Y220Y'];['Y220Y'],[];[],[220],['NA'],['NA'],['NA'],['NA'],['Other ligands'],"[""[ACETATE ION, ['A', 'B']]""]"
55,TP53,P04637,1,Y220C,1,4AGN,2012-01-30,X-RAY DIFFRACTION,1.6,A;B,"[(94, 312)];[(94, 312)]",['Y220C'];['Y220C'],"['M133L', 'V203A', 'Y220C', 'N239Y', 'N268D'];['M133L', 'V203A', 'Y220C', 'N239Y', 'N268D']",[220],['NA'],['NA'],['NA'],['NA'],['Other ligands'],"[""[2-{[4-(DIETHYLAMINO)PIPERIDIN-1-YL]METHYL}-4-(3-HYDROXYPROP-1-YN-1-YL)-6-IODOPHENOL, ['A', 'B']]""]"
56,TP53,P04637,1,Y220C,1,2X0U,2009-12-17,X-RAY DIFFRACTION,1.6,A;B,"[(94, 312)];[(94, 312)]",['Y220C'];['Y220C'],"['M133L', 'V203A', 'Y220C', 'N239Y', 'N268D'];['M133L', 'V203A', 'Y220C', 'N239Y', 'N268D']",[220],['NA'],['NA'],['NA'],['NA'],['Other ligands'],"[""[6,7-DIHYDRO[1,4]DIOXINO[2,3-F][1,3]BENZOTHIAZOL-2-AMINE, ['B']]""]"
57,TP53,P04637,1,Y220C,1,2J21,2006-08-15,X-RAY DIFFRACTION,1.6,A;B,"[(94, 312)];[(94, 312)]",['Y220Y'];['Y220Y'],"['M133L', 'V203A', 'N239Y', 'N268D', 'R282W'];['M133L', 'V203A', 'N239Y', 'N268D', 'R282W']",[220],['NA'],['NA'],['NA'],['NA'],['Other ligands'],"[""[ZINC ION, ['A', 'B']]""]"
58,TP53,P04637,1,Y220C,1,2B3G,2005-09-20,X-RAY DIFFRACTION,1.6,B,"[(33, 60)]",['Mutation not in range'],[],[220],['protein complex'],"['RFA1_HUMAN, P27694, chain_A;P53_HUMAN, P04637, chain_B']",['NA'],['NA'],['NA'],['NA']
59,TP53,P04637,1,Y220C,1,6SIP,2019-08-10,X-RAY DIFFRACTION,1.6004470265,B,"[(382, 393)]",['Mutation not in range'],[],[220],['protein complex'],"['1433S_HUMAN, P31947, chain_A;P53_HUMAN, P04637, chain_P']",['NA'],['NA'],['Other ligands'],"[""[7-methoxy-1-benzothiophene-2-carboximidamide, ['A']]""]"
60,TP53,P04637,1,Y220C,1,6SIQ,2019-08-10,X-RAY DIFFRACTION,1.60121,B,"[(382, 393)]",['Mutation not in range'],[],[220],['protein complex'],"['1433S_HUMAN, P31947, chain_A;P53_HUMAN, P04637, chain_P']",['NA'],['NA'],['Other ligands'],"[""[4-chloranyl-7-propan-2-yloxy-1-benzothiophene-2-carboximidamide, ['A']]""]"
61,TP53,P04637,1,Y220C,1,6RK8,2019-04-30,X-RAY DIFFRACTION,1.602,B,"[(382, 393)]",['Mutation not in range'],[],[220],['protein complex'],"['1433S_HUMAN, P31947, chain_A;P53_HUMAN, P04637, chain_P']",['NA'],['NA'],['Other ligands'],"[""[7-(3-azanyl-4-methyl-pyrazol-1-yl)-1-benzothiophene-2-carboximidamide, ['A']]""]"
62,TP53,P04637,1,Y220C,1,6SIO,2019-08-10,X-RAY DIFFRACTION,1.60418,B,"[(382, 393)]",['Mutation not in range'],[],[220],['protein complex'],"['1433S_HUMAN, P31947, chain_A;P53_HUMAN, P04637, chain_P']",['NA'],['NA'],['Other ligands'],"[""[5-methyl-4-phenyl-thiophene-2-carboximidamide, ['A']]""]"
63,TP53,P04637,1,Y220C,1,5ABA,2015-08-04,X-RAY DIFFRACTION,1.62,A;B,"[(94, 312)];[(94, 312)]",['Y220C'];['Y220C'],"['M133L', 'V203A', 'Y220C', 'N239Y', 'N268D'];['M133L', 'V203A', 'Y220C', 'N239Y', 'N268D']",[220],['NA'],['NA'],['NA'],['NA'],['Other ligands'],"[""[1-{1-[(3-bromo-5-chloro-2-hydroxyphenyl)methyl piperidin-4-yl}piperidin-4-ol], ['A', 'B']]""]"
64,TP53,P04637,1,Y220C,1,6SIN,2019-08-10,X-RAY DIFFRACTION,1.64,B,"[(382, 393)]",['Mutation not in range'],[],[220],['protein complex'],"['1433S_HUMAN, P31947, chain_A;P53_HUMAN, P04637, chain_P']",['NA'],['NA'],['Other ligands'],"[""[~{N}-[2-(5-carbamimidoylthiophen-3-yl)phenyl]prop-2-enamide, ['A']]""]"
65,TP53,P04637,1,Y220C,1,6RWI,2019-06-05,X-RAY DIFFRACTION,1.65,B,"[(382, 393)]",['Mutation not in range'],[],[220],['protein complex'],"['1433S_HUMAN, P31947, chain_A;P53_HUMAN, P04637, chain_P']",['NA'],['NA'],['Other ligands'],"[""[MAGNESIUM ION, ['A', 'P']]""]"
66,TP53,P04637,1,Y220C,1,2J1X,2006-08-15,X-RAY DIFFRACTION,1.65,A;B,"[(94, 312)];[(94, 312)]",['Y220C'];['Y220C'],"['M133L', 'V203A', 'Y220C', 'N239Y', 'N268D'];['M133L', 'V203A', 'Y220C', 'N239Y', 'N268D']",[220],['NA'],['NA'],['NA'],['NA'],['Other ligands'],"[""[ZINC ION, ['A', 'B']]""]"
67,TP53,P04637,1,Y220C,1,6SL6,2019-08-18,X-RAY DIFFRACTION,1.67,A,"[(66, 313)]",['Y220Y'],"['P67G', 'E68S', 'A69S', 'A70H', 'P71H', 'P72H', 'V73H', 'A74H', 'P75H', 'A76S', 'P77S', 'A78G', 'A79R', 'P80E', 'T81N', 'P82L', 'A83Y', 'A84F', 'P85Q', 'A86G', 'P87H', 'A88M', 'A138G', 'L252K', 'T256R', 'R267L', 'N268D', 'T312G']",[220],['NA'],['NA'],['NA'],['NA'],['Other ligands'],"[""[ZINC ION, ['A']]""]"
68,TP53,P04637,1,Y220C,1,6RWH,2019-06-05,X-RAY DIFFRACTION,1.68,B,"[(382, 393)]",['Mutation not in range'],[],[220],['protein complex'],"['1433S_HUMAN, P31947, chain_A;P53_HUMAN, P04637, chain_P']",['NA'],['NA'],['Other ligands'],"[""[MAGNESIUM ION, ['A', 'P']]""]"
69,TP53,P04637,1,Y220C,1,2XWR,2010-11-04,X-RAY DIFFRACTION,1.68,A;B,"[(89, 293)];[(89, 293)]",['Y220Y'];['Y220Y'],[];[],[220],['NA'],['NA'],['NA'],['NA'],['Other ligands'],"[""[ZINC ION, ['A', 'B']]""]"
70,TP53,P04637,1,Y220C,1,6S9Q,2019-07-15,X-RAY DIFFRACTION,1.69,B,"[(382, 393)]",['Mutation not in range'],[],[220],['protein complex'],"['1433S_HUMAN, P31947, chain_A;P53_HUMAN, P04637, chain_P']",['NA'],['NA'],['Other ligands'],"[""[CALCIUM ION, ['A']]""]"
71,TP53,P04637,1,Y220C,1,2J1Y,2006-08-15,X-RAY DIFFRACTION,1.69,A;B;C;D,"[(94, 293)];[(94, 293)];[(94, 293)];[(94, 293)]",['Y220Y'];['Y220Y'];['Y220Y'];['Y220Y'],"['M133L', 'V203A', 'N239Y', 'G245S', 'N268D'];['M133L', 'V203A', 'N239Y', 'G245S', 'N268D'];['M133L', 'V203A', 'N239Y', 'G245S', 'N268D'];['M133L', 'V203A', 'N239Y', 'G245S', 'N268D']",[220],['NA'],['NA'],['NA'],['NA'],['Other ligands'],"[""[CALCIUM ION, ['A', 'B', 'C', 'D']]""]"
72,TP53,P04637,1,Y220C,1,5MCU,2016-11-10,X-RAY DIFFRACTION,1.7,A;B,"[(94, 293)];[(94, 293)]",['Y220Y'];['Y220Y'],[];[],[220],['NA'],['NA'],['NA'],['NA'],['Other ligands'],"[""[1,2-ETHANEDIOL, ['A', 'B']]""]"
73,TP53,P04637,1,Y220C,1,4IBT,2012-12-09,X-RAY DIFFRACTION,1.7,A;B;C;D,"[(94, 293)];[(94, 293)];[(94, 293)];[(94, 293)]",['Y220Y'];['Y220Y'];['Y220Y'];['Y220Y'],"['R273H', 'T284R'];['R273H', 'T284R'];['R273H', 'T284R'];['R273H', 'T284R']",[220],['NA'],['NA'],['NA'],['NA'],['Other ligands'],"[""[ZINC ION, ['A', 'B', 'C', 'D']]""]"
74,TP53,P04637,1,Y220C,1,4IBU,2012-12-09,X-RAY DIFFRACTION,1.7,A;B;C;D,"[(94, 293)];[(94, 293)];[(94, 293)];[(94, 293)]",['Y220Y'];['Y220Y'];['Y220Y'];['Y220Y'],"['R273C', 'T284R'];['R273C', 'T284R'];['R273C', 'T284R'];['R273C', 'T284R']",[220],['NA'],['NA'],['NA'],['NA'],['Other ligands'],"[""[ACETATE ION, ['B', 'H']]""]"
75,TP53,P04637,1,Y220C,1,4AGL,2012-01-30,X-RAY DIFFRACTION,1.7,A;B,"[(94, 312)];[(94, 312)]",['Y220C'];['Y220C'],"['M133L', 'V203A', 'Y220C', 'N239Y', 'N268D'];['M133L', 'V203A', 'Y220C', 'N239Y', 'N268D']",[220],['NA'],['NA'],['NA'],['NA'],['Other ligands'],"[""[ZINC ION, ['A', 'B']]""]"
76,TP53,P04637,1,Y220C,1,3IGK,2009-07-28,X-RAY DIFFRACTION,1.7,A,"[(94, 293)]",['Y220Y'],"['H168R', 'R249S']",[220],['NA'],['NA'],['NA'],['NA'],['Other ligands'],"[""[ZINC ION, ['A']]""]"
77,TP53,P04637,1,Y220C,1,3D05,2008-05-01,X-RAY DIFFRACTION,1.7,A,"[(94, 293)]",['Y220Y'],['R249S'],[220],['NA'],['NA'],['NA'],['NA'],['Other ligands'],"[""[ZINC ION, ['A']]""]"
78,TP53,P04637,1,Y220C,1,2H2D,2006-05-18,X-RAY DIFFRACTION,1.7,B,"[(372, 389)]",['Mutation not in range'],[],[220],['protein complex'],"['NPD_THEMA, Q9WYW0, chain_A;P53_HUMAN, P04637, chain_B']",['NA'],['NA'],['Other ligands'],"[""[ZINC ION, ['A']]""]"
79,TP53,P04637,1,Y220C,1,1C26,1999-07-22,X-RAY DIFFRACTION,1.7,A,"[(325, 356)]",['Mutation not in range'],[],[220],['NA'],['NA'],['NA'],['NA'],['NA'],['NA']
80,TP53,P04637,1,Y220C,1,7DHZ,2020-11-18,X-RAY DIFFRACTION,1.74,A;B,"[(94, 293)];[(94, 293)]",['Y220Y'];['Y220Y'],['R249S'];['R249S'],[220],['NA'],['NA'],['NA'],['NA'],['Other ligands'],"[""[ZINC ION, ['A', 'B']]""]"
81,TP53,P04637,1,Y220C,1,5AOM,2015-09-10,X-RAY DIFFRACTION,1.74,A;B,"[(94, 312)];[(94, 312)]",['Y220C'];['Y220C'],"['M133L', 'V203A', 'Y220C', 'N239Y', 'N268D'];['M133L', 'V203A', 'Y220C', 'N239Y', 'N268D']",[220],['NA'],['NA'],['NA'],['NA'],['Other ligands'],"[""[ZINC ION, ['A', 'B']]""]"
82,TP53,P04637,1,Y220C,1,2WGX,2009-04-27,X-RAY DIFFRACTION,1.75,A;B,"[(94, 312)];[(94, 312)]",['Y220Y'];['Y220Y'],"['M133L', 'V203A', 'Y236F', 'N239Y', 'T253I', 'N268D'];['M133L', 'V203A', 'Y236F', 'N239Y', 'T253I', 'N268D']",[220],['NA'],['NA'],['NA'],['NA'],['Other ligands'],"[""[ZINC ION, ['A', 'B']]""]"
83,TP53,P04637,1,Y220C,1,5AOI,2015-09-10,X-RAY DIFFRACTION,1.78,A;B,"[(94, 312)];[(94, 312)]",['Y220C'];['Y220C'],"['M133L', 'V203A', 'Y220C', 'N239Y', 'N268D'];['M133L', 'V203A', 'Y220C', 'N239Y', 'N268D']",[220],['NA'],['NA'],['NA'],['NA'],['Other ligands'],"[""[2-(5-BROMO-7-ETHYL-2-METHYL-1H-INDOLE-3-YL)ETHAN-1-AMIN, ['B']]""]"
84,TP53,P04637,1,Y220C,1,4IJT,2012-12-23,X-RAY DIFFRACTION,1.78,A,"[(94, 293)]",['Y220Y'],['R273H'],[220],['NA'],['NA'],['NA'],['NA'],['Other ligands'],"[""[1,2-ETHANEDIOL, ['A']]""]"
85,TP53,P04637,1,Y220C,1,4IBS,2012-12-09,X-RAY DIFFRACTION,1.78,A;B;C;D,"[(94, 293)];[(94, 293)];[(94, 293)];[(94, 293)]",['Y220Y'];['Y220Y'];['Y220Y'];['Y220Y'],['R273H'];['R273H'];['R273H'];['R273H'],[220],['NA'],['NA'],['NA'],['NA'],['Other ligands'],"[""[1,2-ETHANEDIOL, ['D']]""]"
86,TP53,P04637,1,Y220C,1,4IBW,2012-12-09,X-RAY DIFFRACTION,1.791,A,"[(94, 293)]",['Y220Y'],"['R273H', 'T284R']",[220],['NA'],['NA'],['NA'],['NA'],['Other ligands'],"[""[1,2-ETHANEDIOL, ['A', 'B']]""]"
87,TP53,P04637,1,Y220C,1,6SI4,2019-08-08,X-RAY DIFFRACTION,1.8,A;B,"[(94, 312)];[(94, 312)]",['Y220S'];['Y220S'],"['M133L', 'V203A', 'Y220S', 'N239Y', 'N268D'];['M133L', 'V203A', 'Y220S', 'N239Y', 'N268D']",[220],['NA'],['NA'],['NA'],['NA'],['Other ligands'],"[""[GLYCEROL, ['B']]""]"
88,TP53,P04637,1,Y220C,1,5MOC,2016-12-14,X-RAY DIFFRACTION,1.8,B,"[(382, 393)]",['Mutation not in range'],[],[220],['protein complex'],"['1433S_HUMAN, P31947, chain_A;P53_HUMAN, P04637, chain_P']",['NA'],['NA'],['Other ligands'],"[""[MAGNESIUM ION, ['P']]""]"
89,TP53,P04637,1,Y220C,1,4IBQ,2012-12-09,X-RAY DIFFRACTION,1.8,A;B;C;D,"[(94, 293)];[(94, 293)];[(94, 293)];[(94, 293)]",['Y220Y'];['Y220Y'];['Y220Y'];['Y220Y'],['R273C'];['R273C'];['R273C'];['R273C'],[220],['NA'],['NA'],['NA'],['NA'],['Other ligands'],"[""[1,2-ETHANEDIOL, ['D']]""]"
90,TP53,P04637,1,Y220C,1,2X0V,2009-12-17,X-RAY DIFFRACTION,1.8,A;B,"[(94, 312)];[(94, 312)]",['Y220C'];['Y220C'],"['M133L', 'V203A', 'Y220C', 'N239Y', 'N268D'];['M133L', 'V203A', 'Y220C', 'N239Y', 'N268D']",[220],['NA'],['NA'],['NA'],['NA'],['Other ligands'],"[""[4-(TRIFLUOROMETHYL)BENZENE-1,2-DIAMINE, ['B']]""]"
91,TP53,P04637,1,Y220C,1,3IGL,2009-07-28,X-RAY DIFFRACTION,1.8,A,"[(94, 293)]",['Y220Y'],[],[220],['NA'],['NA'],['NA'],['NA'],['Other ligands'],"[""[1,2-ETHANEDIOL, ['A']]""]"
92,TP53,P04637,1,Y220C,1,3DAC,2008-05-29,X-RAY DIFFRACTION,1.8,B;D,"[(17, 37)];[(17, 37)]",['Mutation not in range'];['Mutation not in range'],[];[],[220],['protein complex'],"['P53_HUMAN, P04637, chain_B;MDM4_DANRE, Q7ZUW7, chain_A']",['NA'],['NA'],['NA'],['NA']
93,TP53,P04637,1,Y220C,1,3D0A,2008-05-01,X-RAY DIFFRACTION,1.8,E;F;G;H,"[(94, 293)];[(94, 293)];[(94, 293)];[(94, 293)]",['Y220Y'];['Y220Y'];['Y220Y'];['Y220Y'],"['H168R', 'R249S'];['H168R', 'R249S'];['H168R', 'R249S'];['H168R', 'R249S']",[220],['NA'],['NA'],['NA'],['NA'],['Other ligands'],"[""[ZINC ION, ['A', 'B', 'C', 'D']]""]"
94,TP53,P04637,1,Y220C,1,2J1W,2006-08-15,X-RAY DIFFRACTION,1.8,A;B,"[(94, 312)];[(94, 312)]",['Y220Y'];['Y220Y'],"['M133L', 'V143A', 'V203A', 'N239Y', 'N268D'];['M133L', 'V143A', 'V203A', 'N239Y', 'N268D']",[220],['NA'],['NA'],['NA'],['NA'],['Other ligands'],"[""[ZINC ION, ['A', 'B']]""]"
95,TP53,P04637,1,Y220C,1,2J1Z,2006-08-15,X-RAY DIFFRACTION,1.8,A;B,"[(94, 312)];[(94, 312)]",['Y220Y'];['Y220Y'],"['M133L', 'V203A', 'N239Y', 'N268D', 'F270L'];['M133L', 'V203A', 'N239Y', 'N268D', 'F270L']",[220],['NA'],['NA'],['NA'],['NA'],['Other ligands'],"[""[ZINC ION, ['A', 'B']]""]"
96,TP53,P04637,1,Y220C,1,2J20,2006-08-15,X-RAY DIFFRACTION,1.8,A;B,"[(94, 312)];[(94, 312)]",['Y220Y'];['Y220Y'],"['M133L', 'V203A', 'N239Y', 'N268D', 'R273C'];['M133L', 'V203A', 'N239Y', 'N268D', 'R273C']",[220],['NA'],['NA'],['NA'],['NA'],['Other ligands'],"[""[SULFATE ION, ['A', 'B']]""]"
97,TP53,P04637,1,Y220C,1,2AC0,2005-07-18,X-RAY DIFFRACTION,1.8,E;F;G;H,"[(94, 293)];[(94, 293)];[(94, 293)];[(94, 293)]",['Y220Y'];['Y220Y'];['Y220Y'];['Y220Y'],[];[];[];[],[220],['NA'],['NA'],['NA'],['NA'],['Other ligands'],"[""[ZINC ION, ['A', 'B', 'C', 'D']]""]"
98,TP53,P04637,1,Y220C,1,2BIP,2005-01-25,X-RAY DIFFRACTION,1.8,A,"[(94, 312)]",['Y220Y'],"['M133L', 'H168R', 'V203A', 'N239Y', 'R249S', 'N268D']",[220],['NA'],['NA'],['NA'],['NA'],['Other ligands'],"[""[ZINC ION, ['A']]""]"
99,TP53,P04637,1,Y220C,1,2BIQ,2005-01-25,X-RAY DIFFRACTION,1.8,A,"[(94, 312)]",['Y220Y'],"['T123A', 'M133L', 'H168R', 'V203A', 'N239Y', 'R249S', 'N268D']",[220],['NA'],['NA'],['NA'],['NA'],['Other ligands'],"[""[ZINC ION, ['A']]""]"
100,TP53,P04637,1,Y220C,1,5BUA,2015-06-03,X-RAY DIFFRACTION,1.812,A,"[(94, 293)]",['Y220Y'],[],[220],['NA'],['NA'],['NA'],['NA'],['Other ligands'],"[""[ZINC ION, ['A']]""]"
101,TP53,P04637,1,Y220C,1,6RX2,2019-06-07,X-RAY DIFFRACTION,1.82,B,"[(382, 393)]",['Mutation not in range'],[],[220],['protein complex'],"['1433S_HUMAN, P31947, chain_A;P53_HUMAN, P04637, chain_P']",['NA'],['NA'],['Other ligands'],"[""[7-[[(2~{S})-1-azanylpropan-2-yl]amino]-1-benzothiophene-2-carboximidamide, ['A']]""]"
102,TP53,P04637,1,Y220C,1,4LOE,2013-07-12,X-RAY DIFFRACTION,1.85,A;B;C;D,"[(94, 312)];[(94, 312)];[(94, 312)];[(94, 312)]",['Y220Y'];['Y220Y'];['Y220Y'];['Y220Y'],['N239Y'];['N239Y'];['N239Y'];['N239Y'],[220],['NA'],['NA'],['NA'],['NA'],['Other ligands'],"[""[ZINC ION, ['A', 'B', 'C', 'D']]""]"
103,TP53,P04637,1,Y220C,1,2AHI,2005-07-28,X-RAY DIFFRACTION,1.85,E;F;G;H,"[(94, 293)];[(94, 293)];[(94, 293)];[(94, 293)]",['Y220Y'];['Y220Y'];['Y220Y'];['Y220Y'],[];[];[];[],[220],['NA'],['NA'],['NA'],['NA'],['Other ligands'],"[""[ZINC ION, ['A', 'B', 'C', 'D']]""]"
104,TP53,P04637,1,Y220C,1,6S39,2019-06-24,X-RAY DIFFRACTION,1.88,B,"[(382, 393)]",['Mutation not in range'],[],[220],['protein complex'],"['1433S_HUMAN, P31947, chain_A;P53_HUMAN, P04637, chain_P']",['NA'],['NA'],['Other ligands'],"[""[CALCIUM ION, ['A']]""]"
105,TP53,P04637,1,Y220C,1,6RKI,2019-04-30,X-RAY DIFFRACTION,1.88,B,"[(382, 393)]",['Mutation not in range'],[],[220],['protein complex'],"['1433S_HUMAN, P31947, chain_A;P53_HUMAN, P04637, chain_P']",['NA'],['NA'],['Other ligands'],"[""[5-[(3-aminophenyl)amino]-4-phenyl-thiophene-2-carboximidamide, ['A']]""]"
106,TP53,P04637,1,Y220C,1,6RKK,2019-04-30,X-RAY DIFFRACTION,1.88,B,"[(382, 393)]",['Mutation not in range'],[],[220],['protein complex'],"['1433S_HUMAN, P31947, chain_A;P53_HUMAN, P04637, chain_P']",['NA'],['NA'],['Other ligands'],"[""[4-phenyl-5-(phenylmethyl)thiophene-2-carboximidamide, ['A']]""]"
107,TP53,P04637,1,Y220C,1,6RKM,2019-04-30,X-RAY DIFFRACTION,1.88,B,"[(382, 393)]",['Mutation not in range'],[],[220],['protein complex'],"['1433S_HUMAN, P31947, chain_A;P53_HUMAN, P04637, chain_P']",['NA'],['NA'],['Other ligands'],"[""[4-phenyl-5-phenylazanyl-thiophene-2-carboximidamide, ['A']]""]"
108,TP53,P04637,1,Y220C,1,6RM5,2019-05-05,X-RAY DIFFRACTION,1.884,B,"[(382, 393)]",['Mutation not in range'],[],[220],['protein complex'],"['1433S_HUMAN, P31947, chain_A;P53_HUMAN, P04637, chain_P']",['NA'],['NA'],['Other ligands'],"[""[7-(6-azanyl-5-methyl-pyridin-2-yl)-1-benzothiophene-2-carboximidamide, ['A']]""]"
109,TP53,P04637,1,Y220C,1,6R5L,2019-03-25,X-RAY DIFFRACTION,1.884,B,"[(382, 393)]",['Mutation not in range'],[],[220],['protein complex'],"['1433S_HUMAN, P31947, chain_A;P53_HUMAN, P04637, chain_P']",['NA'],['NA'],['Other ligands'],"[""[4-[[(2~{S})-1-azanylpropan-2-yl]amino]-6-(sulfanylmethyl)-1-benzothiophene-2-carboximidamide, ['A']]""]"
110,TP53,P04637,1,Y220C,1,5MCW,2016-11-10,X-RAY DIFFRACTION,1.897,A;B,"[(94, 293)];[(94, 293)]",['Y220Y'];['Y220Y'],[];[],[220],['NA'],['NA'],['NA'],['NA'],['Other ligands'],"[""[FORMYL GROUP, ['A', 'B']]""]"
111,TP53,P04637,1,Y220C,1,6SLV,2019-08-20,X-RAY DIFFRACTION,1.9,B,"[(382, 393)]",['Mutation not in range'],[],[220],['protein complex'],"['1433S_HUMAN, P31947, chain_A;P53_HUMAN, P04637, chain_P']",['NA'],['NA'],['Other ligands'],"[""[4-(methylamino)-7-propan-2-yloxy-1-benzothiophene-2-carboximidamide, ['A']]""]"
112,TP53,P04637,1,Y220C,1,6S40,2019-06-26,X-RAY DIFFRACTION,1.9,B,"[(382, 393)]",['Mutation not in range'],[],[220],['protein complex'],"['1433S_HUMAN, P31947, chain_A;P53_HUMAN, P04637, chain_P']",['NA'],['NA'],['Other ligands'],"[""[CALCIUM ION, ['A']]""]"
113,TP53,P04637,1,Y220C,1,2YBG,2011-03-08,X-RAY DIFFRACTION,1.9,A;B;C;D,"[(94, 293)];[(94, 293)];[(94, 293)];[(94, 293)]",['Y220Y'];['Y220Y'];['Y220Y'];['Y220Y'],[];[];[];[],[220],['NA'],['NA'],['NA'],['NA'],['Other ligands'],"[""[ZINC ION, ['A', 'B', 'C', 'D']]""]"
114,TP53,P04637,1,Y220C,1,3DAB,2008-05-29,X-RAY DIFFRACTION,1.9,B;D;F;H,"[(15, 29)];[(15, 29)];[(15, 29)];[(15, 29)]",['Mutation not in range'];['Mutation not in range'];['Mutation not in range'];['Mutation not in range'],[];[];[];[],[220],['protein complex'],"['MDM4_HUMAN, O15151, chain_A;P53_HUMAN, P04637, chain_B']",['NA'],['NA'],['NA'],['NA']
115,TP53,P04637,1,Y220C,1,3D09,2008-05-01,X-RAY DIFFRACTION,1.9,A,"[(94, 293)]",['Y220Y'],"['T123A', 'H168R', 'R249S']",[220],['NA'],['NA'],['NA'],['NA'],['Other ligands'],"[""[ZINC ION, ['A']]""]"
116,TP53,P04637,1,Y220C,1,2H59,2006-05-25,X-RAY DIFFRACTION,1.9,C;D,"[(372, 389)];[(372, 389)]",['Mutation not in range'];['Mutation not in range'],[];[],[220],['protein complex'],"['NPD_THEMA, Q9WYW0, chain_A;P53_HUMAN, P04637, chain_D']",['NA'],['NA'],['Other ligands'],"[""[(2S,3S,4R,5S)-2-({[(S)-{[(S)-{[(2R,3S,4R,5R)-5-(6-AMINO-9H-PURIN-9-YL)-3,4-DIHYDROXYTETRAHYDROFURAN-2-YL]METHOXY}(HYDROXY)PHOSPHORYL]OXY}(HYDROXY)PHOSPHORYL]OXY}METHYL)-4,5-DIHYDROXYTETRAHYDROFURAN-3-YL ACETATE, ['B']]""]"
117,TP53,P04637,1,Y220C,1,2BIN,2005-01-25,X-RAY DIFFRACTION,1.9,A,"[(94, 312)]",['Y220Y'],"['M133L', 'H168R', 'V203A', 'N239Y', 'N268D']",[220],['NA'],['NA'],['NA'],['NA'],['Other ligands'],"[""[ZINC ION, ['A']]""]"
118,TP53,P04637,1,Y220C,1,2BIO,2005-01-25,X-RAY DIFFRACTION,1.9,A,"[(94, 312)]",['Y220Y'],"['M133L', 'V203A', 'N239Y', 'R249S', 'N268D']",[220],['NA'],['NA'],['NA'],['NA'],['Other ligands'],"[""[ZINC ION, ['A']]""]"
119,TP53,P04637,1,Y220C,1,1UOL,2003-09-19,X-RAY DIFFRACTION,1.9,A;B,"[(94, 312)];[(94, 312)]",['Y220Y'];['Y220Y'],"['M133L', 'V203A', 'N239Y', 'N268D'];['M133L', 'V203A', 'N239Y', 'N268D']",[220],['NA'],['NA'],['NA'],['NA'],['Other ligands'],"[""[ZINC ION, ['A', 'B']]""]"
120,TP53,P04637,1,Y220C,1,4HJE,2012-10-12,X-RAY DIFFRACTION,1.907,A;B;C;D,"[(92, 291)];[(92, 291)];[(92, 291)];[(92, 291)]",['Y220Y'];['Y220Y'];['Y220Y'];['Y220Y'],[];[];[];[],[220],['NA'],['NA'],['NA'],['NA'],['Other ligands'],"[""[ZINC ION, ['A', 'B', 'C', 'D']]""]"
121,TP53,P04637,1,Y220C,1,3KZ8,2009-12-08,X-RAY DIFFRACTION,1.91,A;B,"[(94, 293)];[(94, 293)]",['Y220Y'];['Y220Y'],[];[],[220],['NA'],['NA'],['NA'],['NA'],['Other ligands'],"[""[IODIDE ION, ['A', 'B']]""]"
122,TP53,P04637,1,Y220C,1,4IBZ,2012-12-09,X-RAY DIFFRACTION,1.92,A;B;C;D,"[(94, 293)];[(94, 293)];[(94, 293)];[(94, 293)]",['Y220Y'];['Y220Y'];['Y220Y'];['Y220Y'],"['R273C', 'T284R'];['R273C', 'T284R'];['R273C', 'T284R'];['R273C', 'T284R']",[220],['NA'],['NA'],['NA'],['NA'],['Other ligands'],"[""[ACETATE ION, ['B', 'D']]""]"
123,TP53,P04637,1,Y220C,1,4QO1,2014-06-19,X-RAY DIFFRACTION,1.924,B,"[(92, 318)]",['Y220Y'],"['S313H', 'S314H', 'S315H', 'P316H', 'Q317H', 'P318H']",[220],['NA'],['NA'],['NA'],['NA'],['Other ligands'],"[""[ZINC ION, ['B']]""]"
124,TP53,P04637,1,Y220C,1,2BIM,2005-01-25,X-RAY DIFFRACTION,1.98,A;B,"[(94, 312)];[(94, 312)]",['Y220Y'];['Y220Y'],"['M133L', 'V203A', 'N239Y', 'N268D', 'R273H'];['M133L', 'V203A', 'N239Y', 'N268D', 'R273H']",[220],['NA'],['NA'],['NA'],['NA'],['Other ligands'],"[""[SULFATE ION, ['A', 'B']]""]"
125,TP53,P04637,1,Y220C,1,5OL0,2017-07-26,X-RAY DIFFRACTION,1.99,C;D,"[(372, 389)];[(372, 389)]",['Mutation not in range'];['Mutation not in range'],[];[],[220],['protein complex'],"['A0A6L0XH39_LEIIN, A0A6L0XH39, chain_A;P53_HUMAN, P04637, chain_C']",['NA'],['NA'],['Other ligands'],"[""[ZINC ION, ['A', 'B']]""]"
126,TP53,P04637,1,Y220C,1,2H4H,2006-05-24,X-RAY DIFFRACTION,1.99,B,"[(372, 389)]",['Mutation not in range'],[],[220],['protein complex'],"['NPD_THEMA, Q9WYW0, chain_A;P53_HUMAN, P04637, chain_B']",['NA'],['NA'],['Other ligands'],"[""[NICOTINAMIDE-ADENINE-DINUCLEOTIDE, ['A']]""]"
127,TP53,P04637,1,Y220C,1,6S3C,2019-06-25,X-RAY DIFFRACTION,2,B,"[(382, 393)]",['Mutation not in range'],[],[220],['protein complex'],"['1433S_HUMAN, P31947, chain_A;P53_HUMAN, P04637, chain_P']",['NA'],['NA'],['Other ligands'],"[""[4-phenyl-5-(piperidin-4-ylmethyl)thiophene-2-carboximidamide, ['A']]""]"
128,TP53,P04637,1,Y220C,1,6FF9,2018-01-04,X-RAY DIFFRACTION,2,A;B;C;D,"[(97, 289)];[(97, 289)];[(97, 289)];[(97, 289)]",['Y220Y'];['Y220Y'];['Y220Y'];['Y220Y'],['R280K'];['R280K'];['R280K'];['R280K'],[220],['NA'],['NA'],['NA'],['NA'],['Other ligands'],"[""[ZINC ION, ['A', 'B', 'C', 'D']]""]"
129,TP53,P04637,1,Y220C,1,4LOF,2013-07-12,X-RAY DIFFRACTION,2,A,"[(94, 312)]",['Y220Y'],"['V157F', 'N235K', 'N239Y']",[220],['NA'],['NA'],['NA'],['NA'],['Other ligands'],"[""[ZINC ION, ['A']]""]"
130,TP53,P04637,1,Y220C,1,2H4F,2006-05-24,X-RAY DIFFRACTION,2,B,"[(372, 389)]",['Mutation not in range'],[],[220],['protein complex'],"['NPD_THEMA, Q9WYW0, chain_A;P53_HUMAN, P04637, chain_D']",['NA'],['NA'],['Other ligands'],"[""[NICOTINAMIDE-ADENINE-DINUCLEOTIDE, ['A']]""]"
131,TP53,P04637,1,Y220C,1,1MA3,2002-07-31,X-RAY DIFFRACTION,2,B,"[(372, 389)]",['Mutation not in range'],[],[220],['protein complex'],"['P53_HUMAN, P04637, chain_B;NPD2_ARCFU, O30124, chain_A']",['NA'],['NA'],['Other ligands'],"[""[2-(N-MORPHOLINO)-ETHANESULFONIC ACID, ['B']]""]"
132,TP53,P04637,1,Y220C,1,2OCJ,2006-12-20,X-RAY DIFFRACTION,2.05,A;B;C;D,"[(94, 312)];[(94, 312)];[(94, 312)];[(94, 312)]",['Y220Y'];['Y220Y'];['Y220Y'];['Y220Y'],[];[];[];[],[220],['NA'],['NA'],['NA'],['NA'],['Other ligands'],"[""[ZINC ION, ['A', 'B', 'C', 'D']]""]"
133,TP53,P04637,1,Y220C,1,6FJ5,2018-01-20,X-RAY DIFFRACTION,2.051,A;B;C;D,"[(94, 293)];[(94, 293)];[(94, 293)];[(94, 293)]",['Y220Y'];['Y220Y'];['Y220Y'];['Y220Y'],[];[];[];[],[220],['NA'],['NA'],['NA'],['NA'],['Other ligands'],"[""[1,2-ETHANEDIOL, ['A', 'B', 'C', 'D']]""]"
134,TP53,P04637,1,Y220C,1,4IBV,2012-12-09,X-RAY DIFFRACTION,2.1,A,"[(94, 293)]",['Y220Y'],"['S240R', 'R273C']",[220],['NA'],['NA'],['NA'],['NA'],['Other ligands'],"[""[ZINC ION, ['A']]""]"
135,TP53,P04637,1,Y220C,1,3Q01,2010-12-15,X-RAY DIFFRACTION,2.1,A;B,Mismatch in alignment;Mismatch in alignment,Mutations not covered;Mutations not covered,,[220],['NA'],['NA'],['NA'],['NA'],['Other ligands'],"[""[ZINC ION, ['A', 'B']]""]"
136,TP53,P04637,1,Y220C,1,2X0W,2009-12-17,X-RAY DIFFRACTION,2.1,A;B,"[(94, 312)];[(94, 312)]",['Y220C'];['Y220C'],"['M133L', 'V203A', 'Y220C', 'N239Y', 'N268D'];['M133L', 'V203A', 'Y220C', 'N239Y', 'N268D']",[220],['NA'],['NA'],['NA'],['NA'],['Other ligands'],"[""[5,6-DIMETHOXY-2-METHYL-1,3-BENZOTHIAZOLE, ['B']]""]"
137,TP53,P04637,1,Y220C,1,2H4J,2006-05-24,X-RAY DIFFRACTION,2.1,B,"[(372, 389)]",['Mutation not in range'],[],[220],['protein complex'],"['NPD_THEMA, Q9WYW0, chain_A;P53_HUMAN, P04637, chain_D']",['NA'],['NA'],['Other ligands'],"[""[2'-O-ACETYL ADENOSINE-5-DIPHOSPHORIBOSE, ['A']]""]"
138,TP53,P04637,1,Y220C,1,5UN8,2017-01-30,X-RAY DIFFRACTION,2.13,E;F;G;H,"[(144, 154)];[(144, 154)];[(144, 154)];[(144, 154)]",['Mutation not in range'];['Mutation not in range'];['Mutation not in range'];['Mutation not in range'],[];[];[];[],[220],['protein complex'],"['OGA_HUMAN, O60502, chain_A;P53_HUMAN, P04637, chain_E']",['NA'],['NA'],['Other ligands'],"[""[2-acetamido-2-deoxy-beta-D-glucopyranose, ['E', 'F', 'G', 'H']]""]"
139,TP53,P04637,1,Y220C,1,7DHY,2020-11-18,X-RAY DIFFRACTION,2.15,A;B;C;D,"[(94, 293)];[(94, 293)];[(94, 293)];[(94, 293)]",['Y220Y'];['Y220Y'];['Y220Y'];['Y220Y'],['G245S'];['G245S'];['G245S'];['G245S'],[220],['NA'],['NA'],['NA'],['NA'],['Other ligands'],"[""[SULFATE ION, ['D']]""]"
140,TP53,P04637,1,Y220C,1,3KMD,2009-11-10,X-RAY DIFFRACTION,2.15,A;B;C;D,"[(92, 291)];[(92, 291)];[(92, 291)];[(92, 291)]",['Y220Y'];['Y220Y'];['Y220Y'];['Y220Y'],[];[];[];[],[220],['NA'],['NA'],['NA'],['NA'],['Other ligands'],"[""[ZINC ION, ['A', 'B', 'C', 'D']]""]"
141,TP53,P04637,1,Y220C,1,3D07,2008-05-01,X-RAY DIFFRACTION,2.2,A;B,"[(94, 293)];[(94, 293)]",['Y220Y'];['Y220Y'],['R249S'];['R249S'],[220],['NA'],['NA'],['NA'],['NA'],['Other ligands'],"[""[ZINC ION, ['A', 'B']]""]"
142,TP53,P04637,1,Y220C,1,2H2F,2006-05-18,X-RAY DIFFRACTION,2.2,B,"[(372, 389)]",['Mutation not in range'],[],[220],['protein complex'],"['NPD_THEMA, Q9WYW0, chain_A;P53_HUMAN, P04637, chain_B']",['NA'],['NA'],['Other ligands'],"[""[ZINC ION, ['A']]""]"
143,TP53,P04637,1,Y220C,1,2ATA,2005-08-24,X-RAY DIFFRACTION,2.2,E;F;G;H,"[(94, 293)];[(94, 293)];[(94, 293)];[(94, 293)]",['Y220Y'];['Y220Y'];['Y220Y'];['Y220Y'],[];[];[];[],[220],['NA'],['NA'],['NA'],['NA'],['Other ligands'],"[""[ZINC ION, ['A', 'B', 'C', 'D']]""]"
144,TP53,P04637,1,Y220C,1,1YCS,1996-09-30,X-RAY DIFFRACTION,2.2,A,"[(94, 292)]",['Y220Y'],[],[220],['protein complex'],"['ASPP2_HUMAN, Q13625, chain_B;P53_HUMAN, P04637, chain_A']",['NA'],['NA'],['Other ligands'],"[""[ZINC ION, ['A']]""]"
145,TP53,P04637,1,Y220C,1,1TSR,1995-07-28,X-RAY DIFFRACTION,2.2,C;D;E,"[(94, 312)];[(94, 312)];[(94, 312)]",['Y220Y'];['Y220Y'];['Y220Y'],[];[];[],[220],['NA'],['NA'],['NA'],['NA'],['Other ligands'],"[""[ZINC ION, ['A', 'B', 'C']]""]"
146,TP53,P04637,1,Y220C,1,1TUP,1995-07-11,X-RAY DIFFRACTION,2.2,C;D;E,"[(94, 312)];[(94, 312)];[(94, 312)]",['Y220Y'];['Y220Y'];['Y220Y'],[];[];[],[220],['NA'],['NA'],['NA'],['NA'],['Other ligands'],"[""[ZINC ION, ['A', 'B', 'C']]""]"
147,TP53,P04637,1,Y220C,1,1H26,2002-07-31,X-RAY DIFFRACTION,2.24,E,"[(376, 386)]",['Mutation not in range'],[],[220],['protein complex'],"['CCNA2_HUMAN, P20248, chain_B;CDK2_HUMAN, P24941, chain_A;P53_HUMAN, P04637, chain_E']",['NA'],['NA'],['NA'],['NA']
148,TP53,P04637,1,Y220C,1,4XR8,2015-01-20,X-RAY DIFFRACTION,2.25,C;D,"[(94, 292)];[(94, 292)]",['Y220Y'];['Y220Y'],[];[],[220],['protein complex'],"['MALE_ECOLI, P0AEX9, chain_A;UBE3A_HUMAN, Q05086, chain_A;P53_HUMAN, P04637, chain_C;VE6_HPV16, P03126, chain_F']",['NA'],['NA'],['Other ligands'],"[""[1,2-ETHANEDIOL, ['F']]""]"
149,TP53,P04637,1,Y220C,1,3TG5,2011-08-17,X-RAY DIFFRACTION,2.3,B,"[(365, 375)]",['Mutation not in range'],[],[220],['protein complex'],"['SMYD2_HUMAN, Q9NRG4, chain_A;P53_HUMAN, P04637, chain_B']",['NA'],['NA'],['Other ligands'],"[""[ZINC ION, ['A']]""]"
150,TP53,P04637,1,Y220C,1,2Z5S,2007-07-17,X-RAY DIFFRACTION,2.3,B;D;F,"[(15, 29)];[(15, 29)];[(15, 29)]",['Mutation not in range'];['Mutation not in range'];['Mutation not in range'],[];[];[],[220],['protein complex'],"['P53_HUMAN, P04637, chain_P;MDM4_DANRE, Q7ZUW7, chain_M']",['NA'],['NA'],['NA'],['NA']
151,TP53,P04637,1,Y220C,1,2Z5T,2007-07-17,X-RAY DIFFRACTION,2.3,B;D;F,"[(15, 29)];[(15, 29)];[(15, 29)]",['Mutation not in range'];['Mutation not in range'];['Mutation not in range'],[];[];[],[220],['protein complex'],"['P53_HUMAN, P04637, chain_P;MDM4_DANRE, Q7ZUW7, chain_M']",['NA'],['NA'],['NA'],['NA']
152,TP53,P04637,1,Y220C,1,1YCQ,1996-09-30,X-RAY DIFFRACTION,2.3,B,"[(13, 29)]",['Mutation not in range'],[],[220],['protein complex'],"['MDM2_XENLA, P56273, chain_A;P53_HUMAN, P04637, chain_B']",['NA'],['NA'],['NA'],['NA']
153,TP53,P04637,1,Y220C,1,7BWN,2020-04-15,X-RAY DIFFRACTION,2.396,A;B;C;D;E;F;G;H;I;J;K;L;M;N;O;P,"[(84, 363)];[(316, 361)];[(84, 363)];[(316, 361)];[(84, 363)];[(316, 361)];[(84, 363)];[(316, 361)];[(84, 363)];[(316, 361)];[(84, 363)];[(316, 361)];[(84, 363)];[(316, 361)];[(84, 363)];[(316, 361)]",['Y220L'];['Mutation not in range'];['Y220L'];['Mutation not in range'];['Y220L'];['Mutation not in range'];['Y220L'];['Mutation not in range'];['Y220L'];['Mutation not in range'];['Y220L'];['Mutation not in range'];['Y220L'];['Mutation not in range'];['Y220L'];['Mutation not in range'],"['A84M', 'P85S', 'A86K', 'P87G', 'A88E', 'P89E', 'S90L', 'W91F', 'P92T', 'L93G', 'S94V', 'S95V', 'S96P', 'V97I', 'P98L', 'S99V', 'Q100E', 'K101L', 'T102D', 'Y103G', 'Q104D', 'G105V', 'S106N', 'Y107G', 'G108H', 'F109K', 'R110F', 'L111S', 'G112V', 'F113R', 'L114G', 'H115E', 'S116G', 'G117E', 'T118G', 'A119D', 'K120A', 'S121T', 'V122N', 'T123G', 'C124K', 'T125L', 'Y126T', 'S127L', 'P128K', 'A129F', 'L130I', 'N131C', 'K132T', 'M133T', 'F134G', 'C135K', 'Q136L', 'L137P', 'A138V', 'K139P', 'T140W', 'C141P', 'P142T', 'V143L', 'Q144V', 'L145T', 'W146T', 'V147L', 'D148T', 'S149Y', 'T150G', 'P151V', 'P152Q', 'P153C', 'G154F', 'T155S', 'V157Y', 'R158P', 'A159D', 'M160H', 'A161M', 'I162K', 'Y163R', 'K164H', 'Q165D', 'S166F', 'Q167F', 'H168K', 'M169S', 'T170A', 'E171M', 'V172P', 'V173E', 'R174G', 'R175Y', 'C176V', 'P177Q', 'H178E', 'H179R', 'E180T', 'R181I', 'C182S', 'S183F', 'D184K', 'S185D', 'L188T', 'A189Y', 'P190K', 'P191T', 'Q192R', 'H193A', 'L194E', 'I195V', 'R196K', 'V197F', 'N200D', 'L201T', 'R202L', 'E204N', 'Y205R', 'L206I', 'D207E', 'D208L', 'R209K', 'N210G', 'T211I', 'F212D', 'R213F', 'H214K', 'S215E', 'V216D', 'V217G', 'V218N', 'P219I', 'Y220L', 'E221G', 'P222H', 'P223K', 'E224L', 'V225E', 'G226Y', 'S227N', 'D228F', 'C229N', 'T230S', 'T231H', 'I232N', 'H233V', 'N235I', 'Y236T', 'M237A', 'C238D', 'N239K', 'S240Q', 'S241K', 'C242N', 'M243G', 'G244I', 'G245K', 'M246A', 'R248F', 'R249K', 'P250I', 'I251R', 'L252H', 'T253N', 'I254V', 'I255E', 'T256D', 'L257G', 'E258S', 'D259V', 'S260Q', 'S261L', 'G262A', 'N263D', 'L264H', 'L265Y', 'G266Q', 'R267Q', 'S269T', 'F270P', 'E271I', 'V272G', 'R273D', 'V274G', 'C275P', 'A276V', 'C277L', 'P278L', 'G279P', 'R280D', 'D281N', 'R282H', 'R283Y', 'T284L', 'E285S', 'E286T', 'E287Q', 'N288S', 'L289V', 'R290L', 'K291S', 'G293D', 'E294P', 'P295N', 'H296E', 'H297K', 'E298R', 'L299D', 'P300H', 'P301M', 'G302V', 'S303L', 'T304L', 'K305E', 'R306F', 'A307V', 'L308T', 'P309A', 'N310A', 'N311G', 'T312I', 'S313T', 'S314H', 'S315G', 'P316M', 'Q317D', 'P318E', 'K319L', 'K320Y', 'P322K', 'D324G', 'M340E', 'L344K', 'K357G', 'E358T', 'P359C', 'G360F', 'G361N', 'S362A', 'R363S'];['P316G', 'Q317G', 'P318H', 'K319H', 'K320H', 'K321H', 'P322H', 'L323H', 'D324E', 'G325L', 'M340E', 'L344K', 'K357T', 'E358S', 'P359C', 'G360F', 'G361N'];['A84M', 'P85S', 'A86K', 'P87G', 'A88E', 'P89E', 'S90L', 'W91F', 'P92T', 'L93G', 'S94V', 'S95V', 'S96P', 'V97I', 'P98L', 'S99V', 'Q100E', 'K101L', 'T102D', 'Y103G', 'Q104D', 'G105V', 'S106N', 'Y107G', 'G108H', 'F109K', 'R110F', 'L111S', 'G112V', 'F113R', 'L114G', 'H115E', 'S116G', 'G117E', 'T118G', 'A119D', 'K120A', 'S121T', 'V122N', 'T123G', 'C124K', 'T125L', 'Y126T', 'S127L', 'P128K', 'A129F', 'L130I', 'N131C', 'K132T', 'M133T', 'F134G', 'C135K', 'Q136L', 'L137P', 'A138V', 'K139P', 'T140W', 'C141P', 'P142T', 'V143L', 'Q144V', 'L145T', 'W146T', 'V147L', 'D148T', 'S149Y', 'T150G', 'P151V', 'P152Q', 'P153C', 'G154F', 'T155S', 'V157Y', 'R158P', 'A159D', 'M160H', 'A161M', 'I162K', 'Y163R', 'K164H', 'Q165D', 'S166F', 'Q167F', 'H168K', 'M169S', 'T170A', 'E171M', 'V172P', 'V173E', 'R174G', 'R175Y', 'C176V', 'P177Q', 'H178E', 'H179R', 'E180T', 'R181I', 'C182S', 'S183F', 'D184K', 'S185D', 'L188T', 'A189Y', 'P190K', 'P191T', 'Q192R', 'H193A', 'L194E', 'I195V', 'R196K', 'V197F', 'N200D', 'L201T', 'R202L', 'E204N', 'Y205R', 'L206I', 'D207E', 'D208L', 'R209K', 'N210G', 'T211I', 'F212D', 'R213F', 'H214K', 'S215E', 'V216D', 'V217G', 'V218N', 'P219I', 'Y220L', 'E221G', 'P222H', 'P223K', 'E224L', 'V225E', 'G226Y', 'S227N', 'D228F', 'C229N', 'T230S', 'T231H', 'I232N', 'H233V', 'N235I', 'Y236T', 'M237A', 'C238D', 'N239K', 'S240Q', 'S241K', 'C242N', 'M243G', 'G244I', 'G245K', 'M246A', 'R248F', 'R249K', 'P250I', 'I251R', 'L252H', 'T253N', 'I254V', 'I255E', 'T256D', 'L257G', 'E258S', 'D259V', 'S260Q', 'S261L', 'G262A', 'N263D', 'L264H', 'L265Y', 'G266Q', 'R267Q', 'S269T', 'F270P', 'E271I', 'V272G', 'R273D', 'V274G', 'C275P', 'A276V', 'C277L', 'P278L', 'G279P', 'R280D', 'D281N', 'R282H', 'R283Y', 'T284L', 'E285S', 'E286T', 'E287Q', 'N288S', 'L289V', 'R290L', 'K291S', 'G293D', 'E294P', 'P295N', 'H296E', 'H297K', 'E298R', 'L299D', 'P300H', 'P301M', 'G302V', 'S303L', 'T304L', 'K305E', 'R306F', 'A307V', 'L308T', 'P309A', 'N310A', 'N311G', 'T312I', 'S313T', 'S314H', 'S315G', 'P316M', 'Q317D', 'P318E', 'K319L', 'K320Y', 'P322K', 'D324G', 'M340E', 'L344K', 'K357G', 'E358T', 'P359C', 'G360F', 'G361N', 'S362A', 'R363S'];['P316G', 'Q317G', 'P318H', 'K319H', 'K320H', 'K321H', 'P322H', 'L323H', 'D324E', 'G325L', 'M340E', 'L344K', 'K357T', 'E358S', 'P359C', 'G360F', 'G361N'];['A84M', 'P85S', 'A86K', 'P87G', 'A88E', 'P89E', 'S90L', 'W91F', 'P92T', 'L93G', 'S94V', 'S95V', 'S96P', 'V97I', 'P98L', 'S99V', 'Q100E', 'K101L', 'T102D', 'Y103G', 'Q104D', 'G105V', 'S106N', 'Y107G', 'G108H', 'F109K', 'R110F', 'L111S', 'G112V', 'F113R', 'L114G', 'H115E', 'S116G', 'G117E', 'T118G', 'A119D', 'K120A', 'S121T', 'V122N', 'T123G', 'C124K', 'T125L', 'Y126T', 'S127L', 'P128K', 'A129F', 'L130I', 'N131C', 'K132T', 'M133T', 'F134G', 'C135K', 'Q136L', 'L137P', 'A138V', 'K139P', 'T140W', 'C141P', 'P142T', 'V143L', 'Q144V', 'L145T', 'W146T', 'V147L', 'D148T', 'S149Y', 'T150G', 'P151V', 'P152Q', 'P153C', 'G154F', 'T155S', 'V157Y', 'R158P', 'A159D', 'M160H', 'A161M', 'I162K', 'Y163R', 'K164H', 'Q165D', 'S166F', 'Q167F', 'H168K', 'M169S', 'T170A', 'E171M', 'V172P', 'V173E', 'R174G', 'R175Y', 'C176V', 'P177Q', 'H178E', 'H179R', 'E180T', 'R181I', 'C182S', 'S183F', 'D184K', 'S185D', 'L188T', 'A189Y', 'P190K', 'P191T', 'Q192R', 'H193A', 'L194E', 'I195V', 'R196K', 'V197F', 'N200D', 'L201T', 'R202L', 'E204N', 'Y205R', 'L206I', 'D207E', 'D208L', 'R209K', 'N210G', 'T211I', 'F212D', 'R213F', 'H214K', 'S215E', 'V216D', 'V217G', 'V218N', 'P219I', 'Y220L', 'E221G', 'P222H', 'P223K', 'E224L', 'V225E', 'G226Y', 'S227N', 'D228F', 'C229N', 'T230S', 'T231H', 'I232N', 'H233V', 'N235I', 'Y236T', 'M237A', 'C238D', 'N239K', 'S240Q', 'S241K', 'C242N', 'M243G', 'G244I', 'G245K', 'M246A', 'R248F', 'R249K', 'P250I', 'I251R', 'L252H', 'T253N', 'I254V', 'I255E', 'T256D', 'L257G', 'E258S', 'D259V', 'S260Q', 'S261L', 'G262A', 'N263D', 'L264H', 'L265Y', 'G266Q', 'R267Q', 'S269T', 'F270P', 'E271I', 'V272G', 'R273D', 'V274G', 'C275P', 'A276V', 'C277L', 'P278L', 'G279P', 'R280D', 'D281N', 'R282H', 'R283Y', 'T284L', 'E285S', 'E286T', 'E287Q', 'N288S', 'L289V', 'R290L', 'K291S', 'G293D', 'E294P', 'P295N', 'H296E', 'H297K', 'E298R', 'L299D', 'P300H', 'P301M', 'G302V', 'S303L', 'T304L', 'K305E', 'R306F', 'A307V', 'L308T', 'P309A', 'N310A', 'N311G', 'T312I', 'S313T', 'S314H', 'S315G', 'P316M', 'Q317D', 'P318E', 'K319L', 'K320Y', 'P322K', 'D324G', 'M340E', 'L344K', 'K357G', 'E358T', 'P359C', 'G360F', 'G361N', 'S362A', 'R363S'];['P316G', 'Q317G', 'P318H', 'K319H', 'K320H', 'K321H', 'P322H', 'L323H', 'D324E', 'G325L', 'M340E', 'L344K', 'K357T', 'E358S', 'P359C', 'G360F', 'G361N'];['A84M', 'P85S', 'A86K', 'P87G', 'A88E', 'P89E', 'S90L', 'W91F', 'P92T', 'L93G', 'S94V', 'S95V', 'S96P', 'V97I', 'P98L', 'S99V', 'Q100E', 'K101L', 'T102D', 'Y103G', 'Q104D', 'G105V', 'S106N', 'Y107G', 'G108H', 'F109K', 'R110F', 'L111S', 'G112V', 'F113R', 'L114G', 'H115E', 'S116G', 'G117E', 'T118G', 'A119D', 'K120A', 'S121T', 'V122N', 'T123G', 'C124K', 'T125L', 'Y126T', 'S127L', 'P128K', 'A129F', 'L130I', 'N131C', 'K132T', 'M133T', 'F134G', 'C135K', 'Q136L', 'L137P', 'A138V', 'K139P', 'T140W', 'C141P', 'P142T', 'V143L', 'Q144V', 'L145T', 'W146T', 'V147L', 'D148T', 'S149Y', 'T150G', 'P151V', 'P152Q', 'P153C', 'G154F', 'T155S', 'V157Y', 'R158P', 'A159D', 'M160H', 'A161M', 'I162K', 'Y163R', 'K164H', 'Q165D', 'S166F', 'Q167F', 'H168K', 'M169S', 'T170A', 'E171M', 'V172P', 'V173E', 'R174G', 'R175Y', 'C176V', 'P177Q', 'H178E', 'H179R', 'E180T', 'R181I', 'C182S', 'S183F', 'D184K', 'S185D', 'L188T', 'A189Y', 'P190K', 'P191T', 'Q192R', 'H193A', 'L194E', 'I195V', 'R196K', 'V197F', 'N200D', 'L201T', 'R202L', 'E204N', 'Y205R', 'L206I', 'D207E', 'D208L', 'R209K', 'N210G', 'T211I', 'F212D', 'R213F', 'H214K', 'S215E', 'V216D', 'V217G', 'V218N', 'P219I', 'Y220L', 'E221G', 'P222H', 'P223K', 'E224L', 'V225E', 'G226Y', 'S227N', 'D228F', 'C229N', 'T230S', 'T231H', 'I232N', 'H233V', 'N235I', 'Y236T', 'M237A', 'C238D', 'N239K', 'S240Q', 'S241K', 'C242N', 'M243G', 'G244I', 'G245K', 'M246A', 'R248F', 'R249K', 'P250I', 'I251R', 'L252H', 'T253N', 'I254V', 'I255E', 'T256D', 'L257G', 'E258S', 'D259V', 'S260Q', 'S261L', 'G262A', 'N263D', 'L264H', 'L265Y', 'G266Q', 'R267Q', 'S269T', 'F270P', 'E271I', 'V272G', 'R273D', 'V274G', 'C275P', 'A276V', 'C277L', 'P278L', 'G279P', 'R280D', 'D281N', 'R282H', 'R283Y', 'T284L', 'E285S', 'E286T', 'E287Q', 'N288S', 'L289V', 'R290L', 'K291S', 'G293D', 'E294P', 'P295N', 'H296E', 'H297K', 'E298R', 'L299D', 'P300H', 'P301M', 'G302V', 'S303L', 'T304L', 'K305E', 'R306F', 'A307V', 'L308T', 'P309A', 'N310A', 'N311G', 'T312I', 'S313T', 'S314H', 'S315G', 'P316M', 'Q317D', 'P318E', 'K319L', 'K320Y', 'P322K', 'D324G', 'M340E', 'L344K', 'K357G', 'E358T', 'P359C', 'G360F', 'G361N', 'S362A', 'R363S'];['P316G', 'Q317G', 'P318H', 'K319H', 'K320H', 'K321H', 'P322H', 'L323H', 'D324E', 'G325L', 'M340E', 'L344K', 'K357T', 'E358S', 'P359C', 'G360F', 'G361N'];['A84M', 'P85S', 'A86K', 'P87G', 'A88E', 'P89E', 'S90L', 'W91F', 'P92T', 'L93G', 'S94V', 'S95V', 'S96P', 'V97I', 'P98L', 'S99V', 'Q100E', 'K101L', 'T102D', 'Y103G', 'Q104D', 'G105V', 'S106N', 'Y107G', 'G108H', 'F109K', 'R110F', 'L111S', 'G112V', 'F113R', 'L114G', 'H115E', 'S116G', 'G117E', 'T118G', 'A119D', 'K120A', 'S121T', 'V122N', 'T123G', 'C124K', 'T125L', 'Y126T', 'S127L', 'P128K', 'A129F', 'L130I', 'N131C', 'K132T', 'M133T', 'F134G', 'C135K', 'Q136L', 'L137P', 'A138V', 'K139P', 'T140W', 'C141P', 'P142T', 'V143L', 'Q144V', 'L145T', 'W146T', 'V147L', 'D148T', 'S149Y', 'T150G', 'P151V', 'P152Q', 'P153C', 'G154F', 'T155S', 'V157Y', 'R158P', 'A159D', 'M160H', 'A161M', 'I162K', 'Y163R', 'K164H', 'Q165D', 'S166F', 'Q167F', 'H168K', 'M169S', 'T170A', 'E171M', 'V172P', 'V173E', 'R174G', 'R175Y', 'C176V', 'P177Q', 'H178E', 'H179R', 'E180T', 'R181I', 'C182S', 'S183F', 'D184K', 'S185D', 'L188T', 'A189Y', 'P190K', 'P191T', 'Q192R', 'H193A', 'L194E', 'I195V', 'R196K', 'V197F', 'N200D', 'L201T', 'R202L', 'E204N', 'Y205R', 'L206I', 'D207E', 'D208L', 'R209K', 'N210G', 'T211I', 'F212D', 'R213F', 'H214K', 'S215E', 'V216D', 'V217G', 'V218N', 'P219I', 'Y220L', 'E221G', 'P222H', 'P223K', 'E224L', 'V225E', 'G226Y', 'S227N', 'D228F', 'C229N', 'T230S', 'T231H', 'I232N', 'H233V', 'N235I', 'Y236T', 'M237A', 'C238D', 'N239K', 'S240Q', 'S241K', 'C242N', 'M243G', 'G244I', 'G245K', 'M246A', 'R248F', 'R249K', 'P250I', 'I251R', 'L252H', 'T253N', 'I254V', 'I255E', 'T256D', 'L257G', 'E258S', 'D259V', 'S260Q', 'S261L', 'G262A', 'N263D', 'L264H', 'L265Y', 'G266Q', 'R267Q', 'S269T', 'F270P', 'E271I', 'V272G', 'R273D', 'V274G', 'C275P', 'A276V', 'C277L', 'P278L', 'G279P', 'R280D', 'D281N', 'R282H', 'R283Y', 'T284L', 'E285S', 'E286T', 'E287Q', 'N288S', 'L289V', 'R290L', 'K291S', 'G293D', 'E294P', 'P295N', 'H296E', 'H297K', 'E298R', 'L299D', 'P300H', 'P301M', 'G302V', 'S303L', 'T304L', 'K305E', 'R306F', 'A307V', 'L308T', 'P309A', 'N310A', 'N311G', 'T312I', 'S313T', 'S314H', 'S315G', 'P316M', 'Q317D', 'P318E', 'K319L', 'K320Y', 'P322K', 'D324G', 'M340E', 'L344K', 'K357G', 'E358T', 'P359C', 'G360F', 'G361N', 'S362A', 'R363S'];['P316G', 'Q317G', 'P318H', 'K319H', 'K320H', 'K321H', 'P322H', 'L323H', 'D324E', 'G325L', 'M340E', 'L344K', 'K357T', 'E358S', 'P359C', 'G360F', 'G361N'];['A84M', 'P85S', 'A86K', 'P87G', 'A88E', 'P89E', 'S90L', 'W91F', 'P92T', 'L93G', 'S94V', 'S95V', 'S96P', 'V97I', 'P98L', 'S99V', 'Q100E', 'K101L', 'T102D', 'Y103G', 'Q104D', 'G105V', 'S106N', 'Y107G', 'G108H', 'F109K', 'R110F', 'L111S', 'G112V', 'F113R', 'L114G', 'H115E', 'S116G', 'G117E', 'T118G', 'A119D', 'K120A', 'S121T', 'V122N', 'T123G', 'C124K', 'T125L', 'Y126T', 'S127L', 'P128K', 'A129F', 'L130I', 'N131C', 'K132T', 'M133T', 'F134G', 'C135K', 'Q136L', 'L137P', 'A138V', 'K139P', 'T140W', 'C141P', 'P142T', 'V143L', 'Q144V', 'L145T', 'W146T', 'V147L', 'D148T', 'S149Y', 'T150G', 'P151V', 'P152Q', 'P153C', 'G154F', 'T155S', 'V157Y', 'R158P', 'A159D', 'M160H', 'A161M', 'I162K', 'Y163R', 'K164H', 'Q165D', 'S166F', 'Q167F', 'H168K', 'M169S', 'T170A', 'E171M', 'V172P', 'V173E', 'R174G', 'R175Y', 'C176V', 'P177Q', 'H178E', 'H179R', 'E180T', 'R181I', 'C182S', 'S183F', 'D184K', 'S185D', 'L188T', 'A189Y', 'P190K', 'P191T', 'Q192R', 'H193A', 'L194E', 'I195V', 'R196K', 'V197F', 'N200D', 'L201T', 'R202L', 'E204N', 'Y205R', 'L206I', 'D207E', 'D208L', 'R209K', 'N210G', 'T211I', 'F212D', 'R213F', 'H214K', 'S215E', 'V216D', 'V217G', 'V218N', 'P219I', 'Y220L', 'E221G', 'P222H', 'P223K', 'E224L', 'V225E', 'G226Y', 'S227N', 'D228F', 'C229N', 'T230S', 'T231H', 'I232N', 'H233V', 'N235I', 'Y236T', 'M237A', 'C238D', 'N239K', 'S240Q', 'S241K', 'C242N', 'M243G', 'G244I', 'G245K', 'M246A', 'R248F', 'R249K', 'P250I', 'I251R', 'L252H', 'T253N', 'I254V', 'I255E', 'T256D', 'L257G', 'E258S', 'D259V', 'S260Q', 'S261L', 'G262A', 'N263D', 'L264H', 'L265Y', 'G266Q', 'R267Q', 'S269T', 'F270P', 'E271I', 'V272G', 'R273D', 'V274G', 'C275P', 'A276V', 'C277L', 'P278L', 'G279P', 'R280D', 'D281N', 'R282H', 'R283Y', 'T284L', 'E285S', 'E286T', 'E287Q', 'N288S', 'L289V', 'R290L', 'K291S', 'G293D', 'E294P', 'P295N', 'H296E', 'H297K', 'E298R', 'L299D', 'P300H', 'P301M', 'G302V', 'S303L', 'T304L', 'K305E', 'R306F', 'A307V', 'L308T', 'P309A', 'N310A', 'N311G', 'T312I', 'S313T', 'S314H', 'S315G', 'P316M', 'Q317D', 'P318E', 'K319L', 'K320Y', 'P322K', 'D324G', 'M340E', 'L344K', 'K357G', 'E358T', 'P359C', 'G360F', 'G361N', 'S362A', 'R363S'];['P316G', 'Q317G', 'P318H', 'K319H', 'K320H', 'K321H', 'P322H', 'L323H', 'D324E', 'G325L', 'M340E', 'L344K', 'K357T', 'E358S', 'P359C', 'G360F', 'G361N'];['A84M', 'P85S', 'A86K', 'P87G', 'A88E', 'P89E', 'S90L', 'W91F', 'P92T', 'L93G', 'S94V', 'S95V', 'S96P', 'V97I', 'P98L', 'S99V', 'Q100E', 'K101L', 'T102D', 'Y103G', 'Q104D', 'G105V', 'S106N', 'Y107G', 'G108H', 'F109K', 'R110F', 'L111S', 'G112V', 'F113R', 'L114G', 'H115E', 'S116G', 'G117E', 'T118G', 'A119D', 'K120A', 'S121T', 'V122N', 'T123G', 'C124K', 'T125L', 'Y126T', 'S127L', 'P128K', 'A129F', 'L130I', 'N131C', 'K132T', 'M133T', 'F134G', 'C135K', 'Q136L', 'L137P', 'A138V', 'K139P', 'T140W', 'C141P', 'P142T', 'V143L', 'Q144V', 'L145T', 'W146T', 'V147L', 'D148T', 'S149Y', 'T150G', 'P151V', 'P152Q', 'P153C', 'G154F', 'T155S', 'V157Y', 'R158P', 'A159D', 'M160H', 'A161M', 'I162K', 'Y163R', 'K164H', 'Q165D', 'S166F', 'Q167F', 'H168K', 'M169S', 'T170A', 'E171M', 'V172P', 'V173E', 'R174G', 'R175Y', 'C176V', 'P177Q', 'H178E', 'H179R', 'E180T', 'R181I', 'C182S', 'S183F', 'D184K', 'S185D', 'L188T', 'A189Y', 'P190K', 'P191T', 'Q192R', 'H193A', 'L194E', 'I195V', 'R196K', 'V197F', 'N200D', 'L201T', 'R202L', 'E204N', 'Y205R', 'L206I', 'D207E', 'D208L', 'R209K', 'N210G', 'T211I', 'F212D', 'R213F', 'H214K', 'S215E', 'V216D', 'V217G', 'V218N', 'P219I', 'Y220L', 'E221G', 'P222H', 'P223K', 'E224L', 'V225E', 'G226Y', 'S227N', 'D228F', 'C229N', 'T230S', 'T231H', 'I232N', 'H233V', 'N235I', 'Y236T', 'M237A', 'C238D', 'N239K', 'S240Q', 'S241K', 'C242N', 'M243G', 'G244I', 'G245K', 'M246A', 'R248F', 'R249K', 'P250I', 'I251R', 'L252H', 'T253N', 'I254V', 'I255E', 'T256D', 'L257G', 'E258S', 'D259V', 'S260Q', 'S261L', 'G262A', 'N263D', 'L264H', 'L265Y', 'G266Q', 'R267Q', 'S269T', 'F270P', 'E271I', 'V272G', 'R273D', 'V274G', 'C275P', 'A276V', 'C277L', 'P278L', 'G279P', 'R280D', 'D281N', 'R282H', 'R283Y', 'T284L', 'E285S', 'E286T', 'E287Q', 'N288S', 'L289V', 'R290L', 'K291S', 'G293D', 'E294P', 'P295N', 'H296E', 'H297K', 'E298R', 'L299D', 'P300H', 'P301M', 'G302V', 'S303L', 'T304L', 'K305E', 'R306F', 'A307V', 'L308T', 'P309A', 'N310A', 'N311G', 'T312I', 'S313T', 'S314H', 'S315G', 'P316M', 'Q317D', 'P318E', 'K319L', 'K320Y', 'P322K', 'D324G', 'M340E', 'L344K', 'K357G', 'E358T', 'P359C', 'G360F', 'G361N', 'S362A', 'R363S'];['P316G', 'Q317G', 'P318H', 'K319H', 'K320H', 'K321H', 'P322H', 'L323H', 'D324E', 'G325L', 'M340E', 'L344K', 'K357T', 'E358S', 'P359C', 'G360F', 'G361N'];['A84M', 'P85S', 'A86K', 'P87G', 'A88E', 'P89E', 'S90L', 'W91F', 'P92T', 'L93G', 'S94V', 'S95V', 'S96P', 'V97I', 'P98L', 'S99V', 'Q100E', 'K101L', 'T102D', 'Y103G', 'Q104D', 'G105V', 'S106N', 'Y107G', 'G108H', 'F109K', 'R110F', 'L111S', 'G112V', 'F113R', 'L114G', 'H115E', 'S116G', 'G117E', 'T118G', 'A119D', 'K120A', 'S121T', 'V122N', 'T123G', 'C124K', 'T125L', 'Y126T', 'S127L', 'P128K', 'A129F', 'L130I', 'N131C', 'K132T', 'M133T', 'F134G', 'C135K', 'Q136L', 'L137P', 'A138V', 'K139P', 'T140W', 'C141P', 'P142T', 'V143L', 'Q144V', 'L145T', 'W146T', 'V147L', 'D148T', 'S149Y', 'T150G', 'P151V', 'P152Q', 'P153C', 'G154F', 'T155S', 'V157Y', 'R158P', 'A159D', 'M160H', 'A161M', 'I162K', 'Y163R', 'K164H', 'Q165D', 'S166F', 'Q167F', 'H168K', 'M169S', 'T170A', 'E171M', 'V172P', 'V173E', 'R174G', 'R175Y', 'C176V', 'P177Q', 'H178E', 'H179R', 'E180T', 'R181I', 'C182S', 'S183F', 'D184K', 'S185D', 'L188T', 'A189Y', 'P190K', 'P191T', 'Q192R', 'H193A', 'L194E', 'I195V', 'R196K', 'V197F', 'N200D', 'L201T', 'R202L', 'E204N', 'Y205R', 'L206I', 'D207E', 'D208L', 'R209K', 'N210G', 'T211I', 'F212D', 'R213F', 'H214K', 'S215E', 'V216D', 'V217G', 'V218N', 'P219I', 'Y220L', 'E221G', 'P222H', 'P223K', 'E224L', 'V225E', 'G226Y', 'S227N', 'D228F', 'C229N', 'T230S', 'T231H', 'I232N', 'H233V', 'N235I', 'Y236T', 'M237A', 'C238D', 'N239K', 'S240Q', 'S241K', 'C242N', 'M243G', 'G244I', 'G245K', 'M246A', 'R248F', 'R249K', 'P250I', 'I251R', 'L252H', 'T253N', 'I254V', 'I255E', 'T256D', 'L257G', 'E258S', 'D259V', 'S260Q', 'S261L', 'G262A', 'N263D', 'L264H', 'L265Y', 'G266Q', 'R267Q', 'S269T', 'F270P', 'E271I', 'V272G', 'R273D', 'V274G', 'C275P', 'A276V', 'C277L', 'P278L', 'G279P', 'R280D', 'D281N', 'R282H', 'R283Y', 'T284L', 'E285S', 'E286T', 'E287Q', 'N288S', 'L289V', 'R290L', 'K291S', 'G293D', 'E294P', 'P295N', 'H296E', 'H297K', 'E298R', 'L299D', 'P300H', 'P301M', 'G302V', 'S303L', 'T304L', 'K305E', 'R306F', 'A307V', 'L308T', 'P309A', 'N310A', 'N311G', 'T312I', 'S313T', 'S314H', 'S315G', 'P316M', 'Q317D', 'P318E', 'K319L', 'K320Y', 'P322K', 'D324G', 'M340E', 'L344K', 'K357G', 'E358T', 'P359C', 'G360F', 'G361N', 'S362A', 'R363S'];['P316G', 'Q317G', 'P318H', 'K319H', 'K320H', 'K321H', 'P322H', 'L323H', 'D324E', 'G325L', 'M340E', 'L344K', 'K357T', 'E358S', 'P359C', 'G360F', 'G361N']",[220],['protein complex'],"['P53_HUMAN, P04637, chain_A;GFP_AEQVI, P42212, chain_A']",['NA'],['NA'],['NA'],['NA']
154,TP53,P04637,1,Y220C,1,3Q05,2010-12-15,X-RAY DIFFRACTION,2.4,A;B;C;D,Mismatch in alignment;Mismatch in alignment;Mismatch in alignment;Mismatch in alignment,Mutations not covered;Mutations not covered;Mutations not covered;Mutations not covered,,[220],['NA'],['NA'],['NA'],['NA'],['Other ligands'],"[""[ZINC ION, ['A', 'B', 'C', 'D']]""]"
155,TP53,P04637,1,Y220C,1,6LHD,2019-12-07,X-RAY DIFFRACTION,2.499,A;B,"[(1, 292)];[(1, 292)]",['Y220Y'];['Y220Y'],"['M1F', 'E3Q', 'P4V', 'Q5V', 'S6N', 'D7E', 'P8L', 'S9F', 'V10R', 'E11D', 'P12G', 'P13V', 'L14N', 'S15W', 'Q16G', 'E17R', 'T18I', 'F19V', 'S20A', 'D21F', 'L22F', 'W23S', 'K24F', 'L25G', 'L26G', 'P27A', 'E28L', 'N29C', 'N30V', 'V31E', 'L32S', 'S33V', 'P34D', 'L35K', 'P36E', 'S37M', 'A39V', 'M40L', 'D41V', 'D42S', 'L43R', 'M44I', 'L45A', 'S46A', 'P47W', 'D48M', 'D49A', 'I50T', 'E51Y', 'Q52L', 'W53N', 'F54D', 'T55H', 'E56L', 'D57E', 'G59W', 'P60I', 'D61Q', 'A63N', 'P64G', 'R65G', 'M66W', 'P67D', 'E68T', 'A69F', 'A70V', 'P71E', 'P72L', 'V73Y', 'A74G', 'P75N', 'A76N', 'P77A', 'P80G', 'T81G', 'P82G', 'A83G', 'A84S', 'P85L', 'A86V', 'A88R', 'P89G', 'W91G', 'P92G', 'L93G', 'S94G'];['M1F', 'E3Q', 'P4V', 'Q5V', 'S6N', 'D7E', 'P8L', 'S9F', 'V10R', 'E11D', 'P12G', 'P13V', 'L14N', 'S15W', 'Q16G', 'E17R', 'T18I', 'F19V', 'S20A', 'D21F', 'L22F', 'W23S', 'K24F', 'L25G', 'L26G', 'P27A', 'E28L', 'N29C', 'N30V', 'V31E', 'L32S', 'S33V', 'P34D', 'L35K', 'P36E', 'S37M', 'A39V', 'M40L', 'D41V', 'D42S', 'L43R', 'M44I', 'L45A', 'S46A', 'P47W', 'D48M', 'D49A', 'I50T', 'E51Y', 'Q52L', 'W53N', 'F54D', 'T55H', 'E56L', 'D57E', 'G59W', 'P60I', 'D61Q', 'A63N', 'P64G', 'R65G', 'M66W', 'P67D', 'E68T', 'A69F', 'A70V', 'P71E', 'P72L', 'V73Y', 'A74G', 'P75N', 'A76N', 'P77A', 'P80G', 'T81G', 'P82G', 'A83G', 'A84S', 'P85L', 'A86V', 'A88R', 'P89G', 'W91G', 'P92G', 'L93G', 'S94G']",[220],['protein complex'],"['B2CL1_HUMAN, Q07817, chain_A;P53_HUMAN, P04637, chain_A']",['NA'],['NA'],['Other ligands'],"[""[ZINC ION, ['A', 'B']]""]"
156,TP53,P04637,1,Y220C,1,4LO9,2013-07-12,X-RAY DIFFRACTION,2.5,A;B;C;D,"[(94, 312)];[(94, 312)];[(94, 312)];[(94, 312)]",['Y220Y'];['Y220Y'];['Y220Y'];['Y220Y'],['N235K'];['N235K'];['N235K'];['N235K'],[220],['NA'],['NA'],['NA'],['NA'],['Other ligands'],"[""[ZINC ION, ['A', 'B', 'C', 'D']]""]"
157,TP53,P04637,1,Y220C,1,2ADY,2005-07-21,X-RAY DIFFRACTION,2.5,C;D,"[(94, 293)];[(94, 293)]",['Y220Y'];['Y220Y'],[];[],[220],['NA'],['NA'],['NA'],['NA'],['Other ligands'],"[""[ZINC ION, ['A', 'B']]""]"
158,TP53,P04637,1,Y220C,1,1KZY,2002-02-08,X-RAY DIFFRACTION,2.5,A;B,"[(95, 289)];[(95, 289)]",['Y220Y'];['Y220Y'],[];[],[220],['protein complex'],"['TP53B_HUMAN, Q12888, chain_C;P53_HUMAN, P04637, chain_A']",['NA'],['NA'],['Other ligands'],"[""[ZINC ION, ['A', 'B']]""]"
159,TP53,P04637,1,Y220C,1,7DVD,2021-01-13,X-RAY DIFFRACTION,2.59,A;B;C;D,"[(92, 296)];[(92, 296)];[(92, 296)];[(92, 296)]",['Y220Y'];['Y220Y'];['Y220Y'];['Y220Y'],"['K291H', 'K292H', 'G293H', 'E294H', 'P295H'];['K291H', 'K292H', 'G293H', 'E294H', 'P295H'];['K291H', 'K292H', 'G293H', 'E294H', 'P295H'];['K291H', 'K292H', 'G293H', 'E294H', 'P295H']",[220],['protein complex'],"['BBC3_HUMAN, Q9BXH1, chain_E;P53_HUMAN, P04637, chain_A']",['NA'],['NA'],['Other ligands'],"[""[ZINC ION, ['A', 'B', 'C', 'D']]""]"
160,TP53,P04637,1,Y220C,1,1GZH,2002-05-22,X-RAY DIFFRACTION,2.6,A;C,"[(95, 292)];[(95, 292)]",['Y220Y'];['Y220Y'],['D228E'];[],[220],['protein complex'],"['TP53B_HUMAN, Q12888, chain_B;P53_HUMAN, P04637, chain_A']",['NA'],['NA'],['Other ligands'],"[""[SULFATE ION, ['B', 'D']]""]"
161,TP53,P04637,1,Y220C,1,1YCR,1996-09-30,X-RAY DIFFRACTION,2.6,B,"[(15, 29)]",['Mutation not in range'],[],[220],['protein complex'],"['MDM2_HUMAN, Q00987, chain_A;P53_HUMAN, P04637, chain_B']",['NA'],['NA'],['NA'],['NA']
162,TP53,P04637,1,Y220C,1,4HFZ,2012-10-05,X-RAY DIFFRACTION,2.694,B;D,"[(15, 29)];[(15, 29)]",['Mutation not in range'];['Mutation not in range'],[];[],[220],['protein complex'],"['MDM2_HUMAN, Q00987, chain_A;P53_HUMAN, P04637, chain_B']",['NA'],['NA'],['Other ligands'],"[""[SULFATE ION, ['A']]""]"
163,TP53,P04637,1,Y220C,1,2YDR,2011-03-24,X-RAY DIFFRACTION,2.75,B,"[(144, 154)]",['Mutation not in range'],[],[220],['protein complex'],"['OGA_CLOP1, Q0TR53, chain_A;P53_HUMAN, P04637, chain_P']",['NA'],['NA'],['Other ligands'],"[""[2-acetamido-2-deoxy-beta-D-glucopyranose, ['P']]""]"
164,TP53,P04637,1,Y220C,1,3TS8,2011-09-12,X-RAY DIFFRACTION,2.8,A;B;C;D,Mismatch in alignment;Mismatch in alignment;Mismatch in alignment;Mismatch in alignment,Mutations not covered;Mutations not covered;Mutations not covered;Mutations not covered,,[220],['NA'],['NA'],['NA'],['NA'],['Other ligands'],"[""[ZINC ION, ['A', 'B', 'C', 'D']]""]"
165,TP53,P04637,1,Y220C,1,4MZR,2013-09-30,X-RAY DIFFRACTION,2.9,A;B;C;D,Mismatch in alignment;Mismatch in alignment;Mismatch in alignment;Mismatch in alignment,Mutations not covered;Mutations not covered;Mutations not covered;Mutations not covered,,[220],['NA'],['NA'],['NA'],['NA'],['Other ligands'],"[""[ZINC ION, ['A', 'B', 'C', 'D']]""]"
166,TP53,P04637,1,Y220C,1,5LGY,2016-07-08,X-RAY DIFFRACTION,2.92,A;B;C;D,"[(94, 291)];[(94, 291)];[(94, 291)];[(94, 291)]",['Y220Y'];['Y220Y'];['Y220Y'];['Y220Y'],[];[];[];[],[220],['NA'],['NA'],['NA'],['NA'],['Other ligands'],"[""[ZINC ION, ['A', 'B', 'C', 'D']]""]"
167,TP53,P04637,1,Y220C,1,5ECG,2015-10-20,X-RAY DIFFRACTION,3,A;B,"[(88, 312)];[(88, 312)]",['Y220Y'];['Y220Y'],"['A88G', 'S90L', 'W91G', 'P92S', 'L93H', 'S94M'];['A88G', 'S90L', 'W91G', 'P92S', 'L93H', 'S94M']",[220],['protein complex'],"['TP53B_HUMAN, Q12888, chain_C;P53_HUMAN, P04637, chain_A']",['NA'],['NA'],['Other ligands'],"[""[ZINC ION, ['A', 'B']]""]"
168,TP53,P04637,1,Y220C,1,6T58,2019-10-15,X-RAY DIFFRACTION,3.1,A;B,Mismatch in alignment;Mismatch in alignment,Mutations not covered;Mutations not covered,,[220],['protein complex'],"['S10A4_HUMAN, P26447, chain_A;P53_HUMAN, P04637, chain_A;ANXA2_HUMAN, P07355, chain_A']",['NA'],['NA'],['Other ligands'],"[""[CALCIUM ION, ['A', 'B']]""]"
169,TP53,P04637,1,Y220C,1,2H1L,2006-05-16,X-RAY DIFFRACTION,3.16,M;N;O;P;Q;R;S;T;U;V;W;X,"[(90, 292)];[(90, 292)];[(90, 292)];[(90, 292)];[(90, 292)];[(90, 292)];[(90, 292)];[(90, 292)];[(90, 292)];[(90, 292)];[(90, 292)];[(90, 292)]",['Y220Y'];['Y220Y'];['Y220Y'];['Y220Y'];['Y220Y'];['Y220Y'];['Y220Y'];['Y220Y'];['Y220Y'];['Y220Y'];['Y220Y'];['Y220Y'],"['S90G', 'W91S'];['S90G', 'W91S'];['S90G', 'W91S'];['S90G', 'W91S'];['S90G', 'W91S'];['S90G', 'W91S'];['S90G', 'W91S'];['S90G', 'W91S'];['S90G', 'W91S'];['S90G', 'W91S'];['S90G', 'W91S'];['S90G', 'W91S']",[220],['protein complex'],"['LT_SV40, P03070, chain_A;P53_HUMAN, P04637, chain_M']",['NA'],['NA'],['Other ligands'],"[""[ZINC ION, ['A', 'B', 'C', 'D', 'E', 'F', 'G', 'H', 'I', 'J', 'K', 'L', 'M', 'N', 'O', 'P', 'Q', 'R', 'S', 'T', 'U', 'V', 'W', 'X']]""]"
170,TP53,P04637,1,Y220C,1,3Q06,2010-12-15,X-RAY DIFFRACTION,3.2,A;B;C;D,Mismatch in alignment;Mismatch in alignment;Mismatch in alignment;Mismatch in alignment,Mutations not covered;Mutations not covered;Mutations not covered;Mutations not covered,,[220],['NA'],['NA'],['NA'],['NA'],['Other ligands'],"[""[ZINC ION, ['A', 'B', 'C', 'D']]""]"
171,TP53,P04637,1,Y220C,1,4BV2,2013-06-24,X-RAY DIFFRACTION,3.3,C;D,"[(376, 388)];[(376, 388)]",['Mutation not in range'];['Mutation not in range'],[];[],[220],['protein complex'],"['NPD_THEMA, Q9WYW0, chain_A;P53_HUMAN, P04637, chain_E']",['NA'],['NA'],['Other ligands'],"[""[2'-O-ACETYL ADENOSINE-5-DIPHOSPHORIBOSE, ['A', 'B']]""]"
172,TP53,P04637,1,Y220C,1,6RZ3,2019-06-12,X-RAY DIFFRACTION,4.23,A,"[(61, 292)]",['Y220Y'],['D61M'],[220],['protein complex'],"['IASPP_HUMAN, Q8WUF5, chain_B;P53_HUMAN, P04637, chain_A']",['NA'],['NA'],['Other ligands'],"[""[ZINC ION, ['A']]""]"
173,TP53,P04637,1,Y220C,1,6XRE,2020-07-12,ELECTRON MICROSCOPY,4.6,M,"[(1, 393)]",['Y220Y'],[],[220],['protein complex'],"['RPB1_HUMAN, P24928, chain_A;RPAB4_HUMAN, P53803, chain_L;RPB4_HUMAN, O15514, chain_D;RPAB5_HUMAN, P62875, chain_J;RPB7_HUMAN, P62487, chain_G;RPAB1_HUMAN, P19388, chain_E;RPB3_HUMAN, P19387, chain_C;P53_HUMAN, P04637, chain_M;RPB9_HUMAN, P36954, chain_I;RPB2_HUMAN, P30876, chain_B;RPAB3_HUMAN, P52434, chain_H;RPB11_HUMAN, P52435, chain_K;RPAB2_HUMAN, P61218, chain_F']",['NA'],['NA'],['Other ligands'],"[""[ZINC ION, ['A', 'B', 'C', 'I', 'L']]""]"
174,TP53,P04637,1,Y220C,1,5XZC,2017-07-12,ELECTRON MICROSCOPY,10.7,B;C;D;E,"[(92, 356)];[(92, 356)];[(92, 356)];[(92, 356)]",['Y220Y'];['Y220Y'];['Y220Y'];['Y220Y'],[];[];[];[],[220],['protein complex'],"['EP300_HUMAN, Q09472, chain_A;P53_HUMAN, P04637, chain_B']",['NA'],['NA'],['NA'],['NA']
175,TP53,P04637,1,Y220C,1,5HPD,2016-01-20,SOLUTION NMR,NA,A,"[(1, 61)]",['Mutation not in range'],['M1S'],[220],['protein complex'],"['CBP_MOUSE, P45481, chain_A;P53_HUMAN, P04637, chain_A']",['NA'],['NA'],['Other ligands'],"[""[ZINC ION, ['A']]""]"
176,TP53,P04637,1,Y220C,1,5HOU,2016-01-19,SOLUTION NMR,NA,A,"[(1, 168)]",['Mutation not in range'],"['E62G', 'A63S', 'P64C', 'R65F', 'M66N', 'P67G', 'E68T', 'A70T', 'P71G', 'V73T', 'P75D', 'A76P', 'P77E', 'A78K', 'A79R', 'P80K', 'T81L', 'P82I', 'A83Q', 'A84Q', 'P85Q', 'A86L', 'P87V', 'A88L', 'P89L', 'S90L', 'W91H', 'P92A', 'L93H', 'S94K', 'S95C', 'S96Q', 'V97R', 'P98R', 'S99E', 'K101A', 'T102N', 'Y103G', 'Q104E', 'G105V', 'S106R', 'Y107A', 'G108C', 'F109S', 'R110L', 'L111P', 'G112H', 'F113C', 'L114R', 'H115T', 'S116M', 'G117K', 'T118N', 'A119V', 'K120L', 'S121N', 'V122H', 'T123M', 'C124T', 'T125H', 'Y126C', 'S127Q', 'P128A', 'A129G', 'L130K', 'N131A', 'K132C', 'M133Q', 'F134V', 'C135A', 'Q136H', 'L137C', 'K139S', 'T140S', 'C141R', 'P142Q', 'V143I', 'Q144I', 'L145S', 'W146H', 'V147W', 'D148K', 'S149N', 'T150C', 'P151T', 'P152R', 'P153H', 'G154D', 'T155C', 'R156P', 'R158C', 'A159L', 'M160P', 'A161L', 'I162K', 'Y163N', 'K164A', 'Q165S', 'S166D', 'Q167K', 'H168R']",[220],['protein complex'],"['CBP_MOUSE, P45481, chain_A;P53_HUMAN, P04637, chain_A']",['NA'],['NA'],['Other ligands'],"[""[ZINC ION, ['A']]""]"
177,TP53,P04637,1,Y220C,1,5HP0,2016-01-19,SOLUTION NMR,NA,A,"[(1, 61)]",['Mutation not in range'],"['M1A', 'E2L', 'E3C', 'P4C', 'Q5Y', 'S6H', 'D7A', 'P8K', 'S9H', 'V10C', 'E11Q', 'P12E', 'P13N', 'L14K', 'S15C', 'Q16P', 'E17V', 'T18P', 'S20C', 'D21L', 'L22N', 'W23I', 'L25H', 'L26K', 'P27L', 'E28R', 'N29Q', 'N30Q', 'V31Q', 'L32G', 'P34G', 'L35S', 'P36G']",[220],['protein complex'],"['CBP_MOUSE, P45481, chain_A;P53_HUMAN, P04637, chain_A']",['NA'],['NA'],['Other ligands'],"[""[ZINC ION, ['A']]""]"
178,TP53,P04637,1,Y220C,1,2MZD,2015-02-11,SOLUTION NMR,NA,B,"[(35, 59)]",['Mutation not in range'],[],[220],['protein complex'],"['EP300_HUMAN, Q09472, chain_A;P53_HUMAN, P04637, chain_B']",['NA'],['NA'],['NA'],['NA']
179,TP53,P04637,1,Y220C,1,2MWY,2014-12-03,SOLUTION NMR,NA,B,"[(15, 29)]",['Mutation not in range'],[],[220],['protein complex'],"['MDM4_HUMAN, O15151, chain_A;P53_HUMAN, P04637, chain_B']",['NA'],['NA'],['NA'],['NA']
180,TP53,P04637,1,Y220C,1,2MWO,2014-11-15,SOLUTION NMR,NA,B,"[(363, 377)]",['Mutation not in range'],[],[220],['protein complex'],"['TP53B_HUMAN, Q12888, chain_A;P53_HUMAN, P04637, chain_B']",['NA'],['NA'],['NA'],['NA']
181,TP53,P04637,1,Y220C,1,2MWP,2014-11-15,SOLUTION NMR,NA,B,"[(376, 387)]",['Mutation not in range'],[],[220],['protein complex'],"['TP53B_HUMAN, Q12888, chain_A;P53_HUMAN, P04637, chain_B']",['NA'],['NA'],['NA'],['NA']
182,TP53,P04637,1,Y220C,1,2RUK,2014-09-24,SOLUTION NMR,NA,A,"[(41, 62)]",['Mutation not in range'],[],[220],['protein complex'],"['TF2H1_HUMAN, P32780, chain_B;P53_HUMAN, P04637, chain_A']",['NA'],['NA'],['NA'],['NA']
183,TP53,P04637,1,Y220C,1,2MEJ,2013-09-25,SOLUTION NMR,NA,B,"[(96, 312)]",['Y220Y'],[],[220],['protein complex'],"['B2CL1_HUMAN, Q07817, chain_A;P53_HUMAN, P04637, chain_B']",['NA'],['NA'],['Other ligands'],"[""[ZINC ION, ['B']]""]"
184,TP53,P04637,1,Y220C,1,2LY4,2012-09-12,SOLUTION NMR,NA,B,"[(1, 93)]",['Mutation not in range'],[],[220],['protein complex'],"['HMGB1_HUMAN, P09429, chain_A;P53_HUMAN, P04637, chain_B']",['NA'],['NA'],['NA'],['NA']
185,TP53,P04637,1,Y220C,1,2L14,2010-07-22,SOLUTION NMR,NA,B,"[(13, 61)]",['Mutation not in range'],[],[220],['protein complex'],"['CBP_MOUSE, P45481, chain_A;P53_HUMAN, P04637, chain_B']",['NA'],['NA'],['NA'],['NA']
186,TP53,P04637,1,Y220C,1,2K8F,2008-09-08,SOLUTION NMR,NA,B,"[(1, 39)]",['Mutation not in range'],[],[220],['protein complex'],"['EP300_HUMAN, Q09472, chain_A;P53_HUMAN, P04637, chain_B']",['NA'],['NA'],['NA'],['NA']
187,TP53,P04637,1,Y220C,1,2J0Z,2006-08-08,SOLUTION NMR,NA,A;B;C;D,"[(326, 356)];[(326, 356)];[(326, 356)];[(326, 356)]",['Mutation not in range'];['Mutation not in range'];['Mutation not in range'];['Mutation not in range'],[];[];[];[],[220],['NA'],['NA'],['NA'],['NA'],['NA'],['NA']
188,TP53,P04637,1,Y220C,1,2J10,2006-08-08,SOLUTION NMR,NA,A;B;C;D,"[(326, 356)];[(326, 356)];[(326, 356)];[(326, 356)]",['Mutation not in range'];['Mutation not in range'];['Mutation not in range'];['Mutation not in range'],"['T329F', 'Q331K'];['T329F', 'Q331K'];['T329F', 'Q331K'];['T329F', 'Q331K']",[220],['NA'],['NA'],['NA'],['NA'],['NA'],['NA']
189,TP53,P04637,1,Y220C,1,2J11,2006-08-08,SOLUTION NMR,NA,A;B;C;D,"[(326, 356)];[(326, 356)];[(326, 356)];[(326, 356)]",['Mutation not in range'];['Mutation not in range'];['Mutation not in range'];['Mutation not in range'],"['Y327S', 'T329G', 'Q331G'];['Y327S', 'T329G', 'Q331G'];['Y327S', 'T329G', 'Q331G'];['Y327S', 'T329G', 'Q331G']",[220],['NA'],['NA'],['NA'],['NA'],['NA'],['NA']
190,TP53,P04637,1,Y220C,1,2GS0,2006-04-25,SOLUTION NMR,NA,B,"[(20, 73)]",['Mutation not in range'],[],[220],['protein complex'],"['P53_HUMAN, P04637, chain_B;TFB1_YEAST, P32776, chain_A']",['NA'],['NA'],['NA'],['NA']
191,TP53,P04637,1,Y220C,1,2FEJ,2005-12-16,SOLUTION NMR,NA,A,"[(94, 297)]",['Y220Y'],[],[220],['NA'],['NA'],['NA'],['NA'],['Other ligands'],"[""[ZINC ION, ['A']]""]"
192,TP53,P04637,1,Y220C,1,1JSP,2001-08-17,SOLUTION NMR,NA,A,"[(367, 386)]",['Mutation not in range'],[],[220],['protein complex'],"['CBP_HUMAN, Q92793, chain_B;P53_HUMAN, P04637, chain_A']",['NA'],['NA'],['NA'],['NA']
193,TP53,P04637,1,Y220C,1,1HS5,2000-12-22,SOLUTION NMR,NA,A;B,"[(324, 357)];[(324, 357)]",['Mutation not in range'];['Mutation not in range'],"['M340Q', 'L344R'];['M340Q', 'L344R']",[220],['NA'],['NA'],['NA'],['NA'],['NA'],['NA']
194,TP53,P04637,1,Y220C,1,1DT7,2000-01-11,SOLUTION NMR,NA,C;D,"[(367, 388)];[(367, 388)]",['Mutation not in range'];['Mutation not in range'],[];[],[220],['protein complex'],"['S100B_RAT, P04631, chain_A;P53_HUMAN, P04637, chain_X']",['NA'],['NA'],['Other ligands'],"[""[CALCIUM ION, ['A', 'B']]""]"
195,TP53,P04637,1,Y220C,1,3SAK,1999-04-30,SOLUTION NMR,NA,A;B;C;D,"[(319, 360)];[(319, 360)];[(319, 360)];[(319, 360)]",['Mutation not in range'];['Mutation not in range'];['Mutation not in range'];['Mutation not in range'],[];[];[];[],[220],['NA'],['NA'],['NA'],['NA'],['NA'],['NA']
196,TP53,P04637,1,Y220C,1,1A1U,1997-12-16,SOLUTION NMR,NA,A;B,"[(324, 358)];[(324, 358)]",['Mutation not in range'];['Mutation not in range'],"['M340K', 'F341I', 'L344Y'];['M340K', 'F341I', 'L344Y']",[220],['NA'],['NA'],['NA'],['NA'],['NA'],['NA']
197,TP53,P04637,1,Y220C,1,1SAE,1995-03-12,SOLUTION NMR,NA,A;B;C;D,"[(319, 360)];[(319, 360)];[(319, 360)];[(319, 360)]",['Mutation not in range'];['Mutation not in range'];['Mutation not in range'];['Mutation not in range'],[];[];[];[],[220],['NA'],['NA'],['NA'],['NA'],['NA'],['NA']
198,TP53,P04637,1,Y220C,1,1SAF,1995-03-12,SOLUTION NMR,NA,A;B;C;D,"[(319, 360)];[(319, 360)];[(319, 360)];[(319, 360)]",['Mutation not in range'];['Mutation not in range'];['Mutation not in range'];['Mutation not in range'],[];[];[];[],[220],['NA'],['NA'],['NA'],['NA'],['NA'],['NA']
199,TP53,P04637,1,Y220C,1,1SAK,1995-03-12,SOLUTION NMR,NA,A;B;C;D,"[(319, 360)];[(319, 360)];[(319, 360)];[(319, 360)]",['Mutation not in range'];['Mutation not in range'];['Mutation not in range'];['Mutation not in range'],[];[];[];[],[220],['NA'],['NA'],['NA'],['NA'],['NA'],['NA']
200,TP53,P04637,1,Y220C,1,1SAL,1995-03-12,SOLUTION NMR,NA,A;B;C;D,"[(319, 360)];[(319, 360)];[(319, 360)];[(319, 360)]",['Mutation not in range'];['Mutation not in range'];['Mutation not in range'];['Mutation not in range'],[];[];[];[],[220],['NA'],['NA'],['NA'],['NA'],['NA'],['NA']
201,TP53,P04637,1,Y220C,1,1PES,1994-11-24,SOLUTION NMR,NA,A;B;C;D,"[(325, 355)];[(325, 355)];[(325, 355)];[(325, 355)]",['Mutation not in range'];['Mutation not in range'];['Mutation not in range'];['Mutation not in range'],[];[];[];[],[220],['NA'],['NA'],['NA'],['NA'],['NA'],['NA']
202,TP53,P04637,1,Y220C,1,1PET,1994-11-24,SOLUTION NMR,NA,A;B;C;D,"[(325, 355)];[(325, 355)];[(325, 355)];[(325, 355)]",['Mutation not in range'];['Mutation not in range'];['Mutation not in range'];['Mutation not in range'],[];[];[];[],[220],['NA'],['NA'],['NA'],['NA'],['NA'],['NA']
203,TP53,P04637,1,Y220C,1,1OLG,1994-06-13,SOLUTION NMR,NA,A;B;C;D,"[(319, 360)];[(319, 360)];[(319, 360)];[(319, 360)]",['Mutation not in range'];['Mutation not in range'];['Mutation not in range'];['Mutation not in range'],[];[];[];[],[220],['NA'],['NA'],['NA'],['NA'],['NA'],['NA']
204,TP53,P04637,1,Y220C,1,1OLH,1994-06-13,SOLUTION NMR,NA,A;B;C;D,"[(319, 360)];[(319, 360)];[(319, 360)];[(319, 360)]",['Mutation not in range'];['Mutation not in range'];['Mutation not in range'];['Mutation not in range'],[];[];[];[],[220],['NA'],['NA'],['NA'],['NA'],['NA'],['NA']
