,PDB_id,WT_status,Exp_method,Resolution,Found_sites
0,5MHC,WT,X-RAY DIFFRACTION,1.2,"('chain', 'Pos_AA', 'A', [])"
1,4HJE,WT,X-RAY DIFFRACTION,1.907,"('chain', 'Pos_AA', 'A', ['278P'], 'B', ['278P'], 'C', ['278P'], 'D', ['278P'])"
2,6S40,WT,X-RAY DIFFRACTION,1.9,"('chain', 'Pos_AA', 'A', [])"
3,6FF9,Mutated,X-RAY DIFFRACTION,2.0,"('chain', 'Pos_AA', 'A', ['278P'], 'B', ['278P'], 'C', ['278P'], 'D', ['278P'])"
4,6SLV,WT,X-RAY DIFFRACTION,1.9,"('chain', 'Pos_AA', 'A', [])"
5,3IGL,WT,X-RAY DIFFRACTION,1.8,"('chain', 'Pos_AA', 'A', ['278P'])"
6,4X34,WT,X-RAY DIFFRACTION,1.801,"('chain', 'Pos_AA', 'A', [])"
7,5BUA,WT,X-RAY DIFFRACTION,1.812,"('chain', 'Pos_AA', 'A', ['278P'])"
8,6S39,WT,X-RAY DIFFRACTION,1.88,"('chain', 'Pos_AA', 'A', [])"
9,6RKI,WT,X-RAY DIFFRACTION,1.88,"('chain', 'Pos_AA', 'A', [])"
10,6RKM,WT,X-RAY DIFFRACTION,1.88,"('chain', 'Pos_AA', 'A', [])"
11,3Q01,Mutated,X-RAY DIFFRACTION,2.1,"('chain', 'Pos_AA', 'A', ['278P', '337R', '344R'], 'B', ['278P', '337R', '344R'])"
12,1KZY,WT,X-RAY DIFFRACTION,2.5,"('chain', 'Pos_AA', 'A', ['278P'], 'B', ['278P'])"
13,1GZH,WT,X-RAY DIFFRACTION,2.6,"('chain', 'Pos_AA', 'A', ['278P'])"
14,6VRM,WT,X-RAY DIFFRACTION,2.61,"('chain', 'Pos_AA', 'A', [])"
15,4ZZJ,WT,X-RAY DIFFRACTION,2.7403,"('chain', 'Pos_AA', 'A', [])"
16,6VRN,WT,X-RAY DIFFRACTION,2.46,"('chain', 'Pos_AA', 'A', [])"
17,5LGY,WT,X-RAY DIFFRACTION,2.92,"('chain', 'Pos_AA', 'A', ['278P'])"
18,6VQO,WT,X-RAY DIFFRACTION,3.0,"('chain', 'Pos_AA', 'A', [], 'B', [])"
19,3Q06,Mutated,X-RAY DIFFRACTION,3.2,"('chain', 'Pos_AA', 'A', ['278P', '337R', '344R'], 'B', ['278P', '337R', '344R'], 'C', ['278P', '337R', '344R'], 'D', ['278P', '337R', '344R'])"
20,3TS8,Mutated,X-RAY DIFFRACTION,2.8,"('chain', 'Pos_AA', 'A', ['278P', '337R', '344R'], 'B', ['278P', '337R', '344R'], 'C', ['278P', '337R', '344R'], 'D', ['278P', '337R', '344R'])"
21,4IBV,Mutated,X-RAY DIFFRACTION,2.1,"('chain', 'Pos_AA', 'A', ['278P'])"
22,3Q05,Mutated,X-RAY DIFFRACTION,2.4,"('chain', 'Pos_AA', 'A', ['278P', '337R', '344R'], 'B', ['278P', '337R', '344R'], 'C', ['278P', '337R', '344R'], 'D', ['278P', '337R', '344R'])"
23,6VR5,WT,X-RAY DIFFRACTION,2.38,"('chain', 'Pos_AA', 'A', [], 'B', [])"
24,3KMD,WT,X-RAY DIFFRACTION,2.15,"('chain', 'Pos_AA', 'A', ['278P'], 'B', ['278P'], 'C', ['278P'], 'D', ['278P'])"
25,2FOO,WT,X-RAY DIFFRACTION,2.2,"('chain', 'Pos_AA', 'A', [])"
26,7BWN,Mutated,X-RAY DIFFRACTION,2.396,"('chain', 'Pos_AA', 'A', ['337V', '344N'], 'B', ['337Q', '344F'], 'C', ['337V', '344N'], 'D', ['337Q', '344F'], 'E', ['337V', '344N'], 'F', ['337Q', '344F'], 'G', ['337V', '344N'], 'H', ['337Q', '344F'], 'I', ['337V', '344D'], 'J', ['337Y', '344G'], 'K', ['337V', '344D'])"
27,4XR8,Mutated,X-RAY DIFFRACTION,2.25,"('chain', 'Pos_AA', 'A', ['278D'], 'B', ['278D'])"
28,6VR1,WT,X-RAY DIFFRACTION,2.37,"('chain', 'Pos_AA', 'A', [], 'B', [])"
29,5MOC,WT,X-RAY DIFFRACTION,1.8,"('chain', 'Pos_AA', 'A', [])"
30,4IBW,Mutated,X-RAY DIFFRACTION,1.791,"('chain', 'Pos_AA', 'A', ['278P'])"
31,5MG7,WT,X-RAY DIFFRACTION,1.45,"('chain', 'Pos_AA', 'A', ['278P'], 'B', ['278P'])"
32,6RWU,WT,X-RAY DIFFRACTION,1.46,"('chain', 'Pos_AA', 'A', [])"
33,1AIE,WT,X-RAY DIFFRACTION,1.5,"('chain', 'Pos_AA', 'A', ['337R', '344L'])"
34,6RL3,WT,X-RAY DIFFRACTION,1.3,"('chain', 'Pos_AA', 'A', [])"
35,5MCT,WT,X-RAY DIFFRACTION,1.446,"('chain', 'Pos_AA', 'A', ['278P'], 'B', ['278P'])"
36,6RWS,WT,X-RAY DIFFRACTION,1.53,"('chain', 'Pos_AA', 'A', [])"
37,6RWH,WT,X-RAY DIFFRACTION,1.68,"('chain', 'Pos_AA', 'A', [])"
38,6S9Q,WT,X-RAY DIFFRACTION,1.69,"('chain', 'Pos_AA', 'A', [])"
39,3IGK,Mutated,X-RAY DIFFRACTION,1.7,"('chain', 'Pos_AA', 'A', ['278P'])"
40,4RP6,WT,X-RAY DIFFRACTION,1.703,"('chain', 'Pos_AA', 'A', [])"
41,1C26,WT,X-RAY DIFFRACTION,1.7,"('chain', 'Pos_AA', 'A', ['337R', '344L'])"
42,6SIN,WT,X-RAY DIFFRACTION,1.64,"('chain', 'Pos_AA', 'A', [])"
43,6RJZ,WT,X-RAY DIFFRACTION,1.58,"('chain', 'Pos_AA', 'A', [])"
44,2PCX,Mutated,X-RAY DIFFRACTION,1.54,"('chain', 'Pos_AA', 'A', ['278V'])"
45,5MF7,WT,X-RAY DIFFRACTION,1.59,"('chain', 'Pos_AA', 'A', ['278P'], 'B', ['278P'])"
46,6RM7,WT,X-RAY DIFFRACTION,1.6,"('chain', 'Pos_AA', 'A', [])"
47,6RL4,WT,X-RAY DIFFRACTION,1.6,"('chain', 'Pos_AA', 'A', [])"
48,6RL6,WT,X-RAY DIFFRACTION,1.6,"('chain', 'Pos_AA', 'A', [])"
49,5MCV,WT,X-RAY DIFFRACTION,1.6,"('chain', 'Pos_AA', 'A', ['278P'], 'B', ['278P'])"
50,4RP7,WT,X-RAY DIFFRACTION,1.576,"('chain', 'Pos_AA', 'A', [])"
51,6RWI,WT,X-RAY DIFFRACTION,1.65,"('chain', 'Pos_AA', 'A', [])"
52,2FOJ,WT,X-RAY DIFFRACTION,1.6,"('chain', 'Pos_AA', 'A', [])"
53,6SIP,WT,X-RAY DIFFRACTION,1.6004470265,"('chain', 'Pos_AA', 'A', [])"
54,6SIO,WT,X-RAY DIFFRACTION,1.60418,"('chain', 'Pos_AA', 'A', [])"
55,5XZC,WT,ELECTRON MICROSCOPY,10.7,"('chain', 'Pos_AA', 'A', ['278S', '337K', '344L'], 'B', ['278P', '337R', '344L'], 'C', ['278P', '337R', '344L'], 'D', ['278P', '337R', '344L'])"
56,1PES,WT,SOLUTION NMR,,"('chain', 'Pos_AA', 'A', ['337R', '344L'], 'B', ['337R', '344L'], 'C', ['337R', '344L'], 'D', ['337R', '344L'])"
57,1SAL,WT,SOLUTION NMR,,"('chain', 'Pos_AA', 'A', ['337R', '344L'], 'B', ['337R', '344L'], 'C', ['337R', '344L'], 'D', ['337R', '344L'])"
58,1SAK,WT,SOLUTION NMR,,"('chain', 'Pos_AA', 'A', ['337R', '344L'], 'B', ['337R', '344L'], 'C', ['337R', '344L'], 'D', ['337R', '344L'])"
59,1PET,WT,SOLUTION NMR,,"('chain', 'Pos_AA', 'A', ['337R', '344L'], 'B', ['337R', '344L'], 'C', ['337R', '344L'], 'D', ['337R', '344L'])"
60,1SAF,WT,SOLUTION NMR,,"('chain', 'Pos_AA', 'A', ['337R', '344L'], 'B', ['337R', '344L'], 'C', ['337R', '344L'], 'D', ['337R', '344L'])"
61,1SAE,WT,SOLUTION NMR,,"('chain', 'Pos_AA', 'A', ['337R', '344L'], 'B', ['337R', '344L'], 'C', ['337R', '344L'], 'D', ['337R', '344L'])"
62,3SAK,WT,SOLUTION NMR,,"('chain', 'Pos_AA', 'A', ['337R', '344L'], 'B', ['337R', '344L'], 'C', ['337R', '344L'], 'D', ['337R', '344L'])"
63,1DT7,WT,SOLUTION NMR,,"('chain', 'Pos_AA', 'A', [], 'B', [])"
64,1HS5,Mutated,SOLUTION NMR,,"('chain', 'Pos_AA', 'A', ['337R', '344R'], 'B', ['337R', '344R'])"
65,1JSP,WT,SOLUTION NMR,,"('chain', 'Pos_AA', 'A', [])"
66,2FEJ,WT,SOLUTION NMR,,"('chain', 'Pos_AA', 'A', ['278P'])"
67,2J11,Mutated,SOLUTION NMR,,"('chain', 'Pos_AA', 'A', ['337R', '344L'], 'B', ['337R', '344L'], 'C', ['337R', '344L'], 'D', ['337R', '344L'])"
68,2MZD,Mutated,SOLUTION NMR,,"('chain', 'Pos_AA', 'A', [])"
69,2J0Z,WT,SOLUTION NMR,,"('chain', 'Pos_AA', 'A', ['337R', '344L'], 'B', ['337R', '344L'], 'C', ['337R', '344L'], 'D', ['337R', '344L'])"
70,2K8F,Mutated,SOLUTION NMR,,"('chain', 'Pos_AA', 'A', [])"
71,2L14,WT,SOLUTION NMR,,"('chain', 'Pos_AA', 'A', [])"
72,2RUK,WT,SOLUTION NMR,,"('chain', 'Pos_AA', 'A', [])"
73,2MWP,WT,SOLUTION NMR,,"('chain', 'Pos_AA', 'A', [])"
74,2MWO,WT,SOLUTION NMR,,"('chain', 'Pos_AA', 'A', [])"
75,2MWY,WT,SOLUTION NMR,,"('chain', 'Pos_AA', 'A', [])"
76,5HP0,WT,SOLUTION NMR,,"('chain', 'Pos_AA', 'A', [])"
77,5HOU,WT,SOLUTION NMR,,"('chain', 'Pos_AA', 'A', [])"
78,5HPD,WT,SOLUTION NMR,,"('chain', 'Pos_AA', 'A', [])"
79,1OLG,WT,SOLUTION NMR,,"('chain', 'Pos_AA', 'A', ['337R', '344L'], 'B', ['337R', '344L'], 'C', ['337R', '344L'], 'D', ['337R', '344L'])"
80,2J10,Mutated,SOLUTION NMR,,"('chain', 'Pos_AA', 'A', ['337R', '344L'], 'B', ['337R', '344L'], 'C', ['337R', '344L'], 'D', ['337R', '344L'])"
81,1OLH,WT,SOLUTION NMR,,"('chain', 'Pos_AA', 'A', ['337R', '344L'], 'B', ['337R', '344L'], 'C', ['337R', '344L'], 'D', ['337R', '344L'])"
